YouTubers,25,17,33,56,76,28,79,60,16,43,45,82,24,67,11,8,72,32,0,63,44,70,27,21,12,41,54,53,37,74,19,87,84,13,29,68,55,20,10,9,5,49,40,6,80,1,30,77,3,35,26,81,59,22,75,83,14,57,86,18,73,2,71,69,52,39,7,31,66,15,46,23,50,85,47,38,4,64,51,48,34,78,58,42,36,61,62,65
25,1,0.543598079,0.499818512,0.468059787,0.326463786,0.656866523,0.749609286,0.676009619,0.260419974,0.695098599,0.642586667,0.643645553,0.529218851,0.680871982,0.58665002,0.629845788,0.347591905,0.3955818,0.333061667,0.644784162,0.349843521,0.539720311,0.395211081,0.622808061,0.321590489,0.534271351,0.532203283,0.269675463,0.260231741,0.705591184,0.28623844,0.284242837,0.563251393,0.197002658,0.617549407,0.262890267,0.353076978,0.354379612,0.519657413,0.218744133,0.342725754,0.510326274,0.542002425,0.346487726,0.524278567,0.39305874,0.610745294,0.54034334,0.529319589,0.294497291,0.315833737,0.369551518,0.233752444,0.542640026,0.56873313,0.34725894,0.502940729,0.611351649,0.588978573,0.398484373,0.369187943,0.286948857,0.652814582,0.601445823,0.255608047,0.441143306,0.842011985,0.794486015,0.458775667,0.25480576,0.380073117,0.484030466,0.259094278,0.249347306,0.853757298,0.384616495,0.214292557,0.429852548,0.164835866,0.103908724,-0.083709905,0.114751575,0.317108883,-0.077115212,0.101348179,0.180269759,0.194768249,-0.034480953
17,0.543598079,1,0.538881798,0.435114763,0.214339112,0.893619914,0.791888645,0.707725597,0.344367835,0.857353044,0.726136863,0.782608485,0.746272238,0.819904119,0.657196585,0.864184532,0.304451439,0.417966021,0.38487152,0.715294529,0.326641839,0.782877235,0.306974673,0.542669099,0.246965591,0.782849295,0.744385786,0.316129093,0.363739284,0.879162864,0.337752804,0.314232075,0.459421977,0.356252024,0.719199816,0.28434007,0.368224572,0.284562935,0.388983561,0.288291109,0.332385261,0.473643379,0.662225695,0.337714105,0.437514442,0.190748934,0.622135356,0.679868581,0.504991346,0.341909737,0.500777245,0.343474464,0.223031636,0.300431038,0.581722848,0.419684076,0.725329536,0.67744852,0.226063153,0.824685153,0.739470547,0.274790267,0.611819388,0.395457305,0.280803145,0.194569391,0.63493177,0.795562091,0.309772923,0.310187107,0.3091824,0.294288565,0.118961293,0.161443124,0.504894994,0.489013762,0.142156704,0.370901433,0.347264684,0.171426797,0.146529249,0.00762131,0.128887976,-0.007542686,0.108743866,0.142775682,0.101889802,0.013665513
33,0.499818512,0.538881798,1,0.478681494,0.447732062,0.506940742,0.464143915,0.696850556,0.408138092,0.552574907,0.667179883,0.632922412,0.371655854,0.580218665,0.397692727,0.543573506,0.890771916,0.933680291,0.919300683,0.448761229,0.356347846,0.483717994,0.840773762,0.832647766,0.896841403,0.384788172,0.354273154,0.924184923,0.329140459,0.562611768,0.145157294,0.105667927,0.839182008,0.362270246,0.377143362,0.901303312,0.872704724,0.504232641,0.311234083,0.421161065,0.300856255,0.323582812,0.294343709,0.926328491,0.309329862,0.342358177,0.798393984,0.378583653,0.347733368,0.714145675,0.656627609,0.911376089,0.655116127,0.30678667,0.472844651,0.818128998,0.401165095,0.324973293,0.393187934,0.534625659,0.620747441,0.408132988,0.465784498,0.558758461,0.312456681,0.367020901,0.38066429,0.615544709,0.338266297,0.353904958,0.463256361,0.273964648,0.368202318,0.370716797,0.51281681,0.391971706,0.457561983,0.284571696,0.233992184,0.100823762,0.16782581,-0.10792216,0.159678479,-0.043709002,0.1423902,0.205022637,0.136786912,-0.075136367
56,0.468059787,0.435114763,0.478681494,1,0.360468908,0.508533867,0.486849115,0.500860757,0.243146034,0.621408764,0.640977963,0.536178007,0.471978551,0.454042296,0.614270227,0.499832088,0.371145595,0.430559519,0.435576889,0.522087557,0.340413428,0.588322566,0.480662514,0.503336648,0.409640504,0.497607211,0.518621409,0.371821878,0.336405337,0.510724432,0.042931774,0.055659897,0.303481265,0.218140004,0.386306422,0.41564605,0.665713385,0.163174045,0.434289904,0.266263437,0.227160726,0.436223271,0.477351395,0.308995245,0.642527252,0.402081136,0.430835734,0.516295366,0.682328786,0.700862191,0.696825938,0.447235722,0.536921878,0.374886024,0.384594572,0.727269698,0.364877106,0.401055551,0.235860322,0.30638664,0.259054805,0.154792905,0.860680866,0.390533796,0.412377473,0.342522556,0.374417408,0.466047389,0.416052797,0.316637839,0.223778541,0.394929436,0.35475722,0.390283389,0.411105449,0.913818595,0.344690181,0.64895969,0.130326782,0.006503441,0.054626026,0.276977266,0.286852971,-0.01221914,0.375409794,-0.123575652,0.226116844,-0.315775276
76,0.326463786,0.214339112,0.447732062,0.360468908,1,0.086997989,0.19805602,0.209580558,0.697658757,0.195331629,0.09549568,0.07182419,0.143948645,0.119468019,0.251427992,0.177878998,0.563515626,0.374005057,0.396099896,0.240537907,0.818945461,0.212103635,0.401720361,0.256241116,0.552603414,0.207958009,0.230904524,0.475238206,0.818462484,0.108031837,0.173371947,0.195961708,0.302257312,0.810662863,0.192960777,0.458946501,0.449573619,0.604933247,0.640212959,0.851033842,0.720570634,0.158680756,0.196835362,0.450477458,0.317733803,0.740308401,0.157320502,0.415351322,0.292552682,0.350033124,0.207390377,0.461213596,0.422377979,0.153110124,0.239508129,0.39340509,0.206059621,0.215405058,0.461648485,0.080476471,0.144142222,0.780332743,0.396207343,0.578787669,0.740132271,0.605576146,0.22007842,0.367296082,0.80332203,0.736237134,0.63654413,0.117293392,0.94259995,0.939046558,0.372696016,0.366937444,0.940826965,0.347790133,0.123883514,0.123039799,0.160442519,-0.116767961,0.278790302,-0.092578636,0.120648625,-0.096515921,0.197587558,-0.024236469
28,0.656866523,0.893619914,0.506940742,0.508533867,0.086997989,1,0.915907329,0.762789327,0.170558329,0.952801843,0.788568151,0.824411437,0.88946032,0.924176507,0.71997817,0.968505798,0.266086065,0.427921491,0.356753371,0.8865535,0.159439308,0.91959882,0.348207864,0.621249335,0.260612797,0.905837262,0.88274287,0.272213976,0.150185874,0.925627404,0.334550488,0.2998064,0.436097586,0.134672756,0.879019097,0.27265837,0.405375181,0.161054719,0.305903741,0.094114507,0.141713736,0.536304841,0.755618521,0.326666422,0.357222994,0.136208708,0.670337744,0.553438147,0.529241763,0.346481656,0.458363939,0.377486541,0.178707716,0.299344599,0.551642039,0.426269322,0.864611434,0.830479278,0.211949061,0.782864322,0.668212988,0.097117452,0.623558807,0.361548762,0.105669591,0.124524207,0.737973321,0.789324097,0.212092825,0.109530608,0.164327904,0.303182468,0.028701303,0.074819162,0.486949268,0.500582214,0.02877855,0.293344647,0.216207544,0.153270464,0.089967165,0.091848544,0.0844376,0.000123676,0.233981377,0.138758583,0.187520626,-0.032310126
79,0.749609286,0.791888645,0.464143915,0.486849115,0.19805602,0.915907329,1,0.704891964,0.172008325,0.909950122,0.701521047,0.752900899,0.869653638,0.863396373,0.801863675,0.893723613,0.26535259,0.372100176,0.340402044,0.935537842,0.219283992,0.877671408,0.332401046,0.626944021,0.28325605,0.89753506,0.863480666,0.25506644,0.212782526,0.848561957,0.326095541,0.320004907,0.4155969,0.179590598,0.92449029,0.255638337,0.395055894,0.170553677,0.429146421,0.146102475,0.225707672,0.624587118,0.825052847,0.296098854,0.407100572,0.191358078,0.588962458,0.578438729,0.640155626,0.31779736,0.383199092,0.345144558,0.222244296,0.44791608,0.606157498,0.388241392,0.852209537,0.921180938,0.24788945,0.631309486,0.508678716,0.125218381,0.658194395,0.49193624,0.129054872,0.139775849,0.873722812,0.774225274,0.304305933,0.137522604,0.152688762,0.406907922,0.141445906,0.16081637,0.62053661,0.498442683,0.10788872,0.375086844,0.20929684,0.166165559,0.063000004,0.102271964,0.124490906,-0.035075374,0.252301448,0.09133073,0.222011212,-0.009020018
60,0.676009619,0.707725597,0.696850556,0.500860757,0.209580558,0.762789327,0.704891964,1,0.140750924,0.804871976,0.831502049,0.896035105,0.58264551,0.84968745,0.738192812,0.757359035,0.524808371,0.685093673,0.582774766,0.585929966,0.167578992,0.763759034,0.725853746,0.880221972,0.530290247,0.625116395,0.697261496,0.503267626,0.13133514,0.85655739,0.263011639,0.247080765,0.76083596,0.098647575,0.577925393,0.500742801,0.529534699,0.181079033,0.331697423,0.090839317,0.102379792,0.755365695,0.702253306,0.574066048,0.298116683,0.175048055,0.88834672,0.358933033,0.68657971,0.471119617,0.511986652,0.666642779,0.297075577,0.281325193,0.818039826,0.571521565,0.601965859,0.485099476,0.266511853,0.519122606,0.509184084,0.160255627,0.530575427,0.556081809,0.158078833,0.218911008,0.607113197,0.791510682,0.257972447,0.114789034,0.231617543,0.28101496,0.16894781,0.133056529,0.58705991,0.366677827,0.1282652,0.234774851,0.306297071,0.081128102,-0.023132689,0.000551543,0.127747395,-0.023835816,0.039436521,0.076475375,0.155082233,-0.095376132
16,0.260419974,0.344367835,0.408138092,0.243146034,0.697658757,0.170558329,0.172008325,0.140750924,1,0.159136491,0.23250695,0.179166134,0.147274009,0.146972388,0.112569826,0.222746775,0.290757693,0.248646902,0.285973298,0.184767065,0.904760516,0.148573243,0.128909299,0.060758764,0.367466502,0.171648374,0.093623747,0.34995323,0.876152055,0.188779398,0.336691343,0.336495484,0.108002637,0.905647648,0.141838327,0.372431246,0.292485661,0.89094505,0.469186343,0.869105696,0.813993311,0.092857213,0.090410574,0.312207655,0.248662392,0.81724561,0.190727865,0.48944175,0.137190226,0.454325607,0.44044056,0.225627695,0.586733756,0.096082018,0.223303332,0.265108145,0.182348835,0.150783538,0.677111831,0.298865954,0.249615346,0.922537924,0.297256053,0.211156071,0.878616502,0.717377911,0.136830658,0.283184813,0.538272845,0.959106257,0.910844342,0.124811913,0.629393362,0.692216598,0.2102014,0.27311195,0.688630222,0.248029487,0.067146063,-0.054021327,0.306152532,-0.017265168,0.231148936,0.05853379,0.064878286,-0.03280959,0.082214382,0.147314399
43,0.695098599,0.857353044,0.552574907,0.621408764,0.195331629,0.952801843,0.909950122,0.804871976,0.159136491,1,0.857762679,0.88723737,0.887646634,0.936245063,0.777616093,0.959829009,0.353362723,0.495634494,0.447904794,0.881587459,0.212935307,0.915261496,0.438383208,0.673103757,0.355632402,0.895954745,0.872493634,0.341571422,0.208510324,0.906934572,0.30926683,0.301248741,0.508778241,0.177812109,0.866751119,0.361693045,0.483655224,0.120053791,0.394971991,0.156109272,0.189818692,0.585426835,0.770102992,0.37794278,0.467799127,0.156560791,0.7214472,0.572543291,0.629676445,0.445495144,0.522925404,0.469336732,0.283281118,0.413915492,0.612646828,0.50871599,0.83096985,0.822000782,0.170988247,0.661954271,0.538282345,0.10429811,0.716616656,0.470192916,0.140082872,0.090711947,0.761730077,0.784079294,0.29473551,0.147746001,0.168823479,0.408047156,0.151509935,0.174480958,0.569368129,0.600842248,0.129861012,0.404636894,0.243184997,0.150820244,0.086719579,0.078580705,0.148265447,-0.005180882,0.235869558,0.089929101,0.220905853,-0.078015825
45,0.642586667,0.726136863,0.667179883,0.640977963,0.09549568,0.788568151,0.701521047,0.831502049,0.23250695,0.857762679,1,0.945657258,0.650570606,0.841594121,0.668210609,0.78888747,0.418564415,0.614524952,0.613894864,0.657018824,0.233383046,0.734202214,0.547337387,0.6938394,0.475598603,0.664565608,0.607740219,0.452241438,0.158171224,0.80238769,0.287842767,0.278019615,0.614206719,0.136442805,0.611343328,0.516869636,0.535275512,0.202268993,0.230268363,0.109851917,0.122803099,0.568749093,0.619441908,0.476295287,0.375831786,0.214028639,0.841576696,0.40652029,0.602293659,0.666092786,0.779968032,0.575584725,0.519783262,0.322149316,0.668435953,0.619649803,0.578006644,0.527065043,0.315797702,0.531278268,0.425504463,0.151748144,0.688713847,0.345555076,0.224333579,0.205104478,0.627755806,0.705647366,0.109802139,0.233853349,0.318956501,0.315696055,0.041186577,0.047760852,0.540180862,0.573064922,0.030764752,0.287735814,0.291468968,0.069771139,0.042868917,0.128176642,0.252859292,0.054218356,0.119615288,0.106094715,0.197353252,-0.124676928
82,0.643645553,0.782608485,0.632922412,0.536178007,0.07182419,0.824411437,0.752900899,0.896035105,0.179166134,0.88723737,0.945657258,1,0.678001554,0.880627664,0.710439126,0.822945873,0.384416863,0.589463704,0.543191329,0.647170138,0.165360316,0.762501848,0.553985676,0.751279711,0.412470608,0.678337947,0.671107331,0.406712741,0.134872526,0.890625082,0.324007462,0.315942503,0.618562906,0.112117816,0.643096303,0.461617509,0.483519354,0.165064281,0.291551974,0.090301548,0.123235898,0.671626916,0.665435232,0.446635038,0.385971128,0.086454728,0.881632916,0.419978792,0.660639142,0.564815803,0.65699445,0.524829235,0.395040383,0.403484465,0.74531518,0.547147106,0.622304438,0.544174476,0.207500184,0.559169363,0.450513388,0.125628602,0.618830085,0.392625785,0.123848557,0.107787274,0.623769711,0.689084703,0.126661362,0.153563388,0.243445124,0.418270557,0.037760449,0.027227634,0.544595597,0.481658035,0.013910631,0.308450851,0.301558041,0.024509492,0.068339595,0.062361991,0.129322874,0.05514299,0.080188787,0.12984008,0.128032288,-0.057687698
24,0.529218851,0.746272238,0.371655854,0.471978551,0.143948645,0.88946032,0.869653638,0.58264551,0.147274009,0.887646634,0.650570606,0.678001554,1,0.877105058,0.664031861,0.939719337,0.240498761,0.355105992,0.322191069,0.915836383,0.203459999,0.892044232,0.269038566,0.479161201,0.244979618,0.951435002,0.90582419,0.220404148,0.205684531,0.74640088,0.361418139,0.348947802,0.316694927,0.198355717,0.932113507,0.2390618,0.339110085,0.062923175,0.315275732,0.195858477,0.197255666,0.419126661,0.710294025,0.255091889,0.371147427,0.100099534,0.521594839,0.545258871,0.420020774,0.281324925,0.302303401,0.340234608,0.128081944,0.335529327,0.368299673,0.324451327,0.941790391,0.914742719,-0.01144135,0.59500872,0.461838621,0.044005061,0.489955993,0.310603056,0.081787279,-0.06397465,0.636957605,0.600545851,0.247313947,0.110119626,0.053471409,0.353418699,0.170994152,0.225143883,0.307073558,0.487834973,0.166114908,0.329032471,0.128607107,0.15115039,0.16568505,0.058617595,0.089240837,-0.120342992,0.2972849,0.005085533,0.264449602,0.021089627
67,0.680871982,0.819904119,0.580218665,0.454042296,0.119468019,0.924176507,0.863396373,0.84968745,0.146972388,0.936245063,0.841594121,0.880627664,0.877105058,1,0.703857221,0.959034951,0.375682124,0.562047434,0.493354336,0.82874441,0.189656607,0.882031295,0.496327778,0.703693709,0.390695724,0.869952813,0.8303446,0.370402801,0.15015024,0.901637469,0.312750999,0.288853525,0.62548457,0.137401162,0.858997917,0.367892907,0.400873492,0.104277809,0.251988319,0.120634984,0.138871679,0.559693309,0.723863254,0.432730436,0.328733231,0.116358615,0.799349849,0.492039608,0.500646695,0.361506666,0.429143162,0.529023556,0.189791851,0.324782561,0.615940637,0.438542693,0.836538826,0.788396718,0.147619573,0.642809557,0.55067718,0.066213108,0.503344644,0.401299055,0.089551371,0.040330448,0.69661226,0.778864675,0.185453449,0.107387149,0.14218823,0.304746596,0.096513696,0.104770161,0.48832601,0.405432728,0.076864934,0.242195705,0.279690104,0.183144548,0.100781017,-0.008966615,0.140549535,-0.051181853,0.15000188,0.105483903,0.237672057,0.029887349
11,0.58665002,0.657196585,0.397692727,0.614270227,0.251427992,0.71997817,0.801863675,0.738192812,0.112569826,0.777616093,0.668210609,0.710439126,0.664031861,0.703857221,1,0.700129945,0.32285374,0.422123961,0.387633461,0.695271694,0.260531254,0.832011583,0.457156974,0.635960097,0.340296898,0.762211213,0.791996516,0.295794238,0.285477305,0.758242916,0.194866273,0.227361078,0.439225243,0.197873783,0.685286444,0.271359465,0.371425689,0.028910151,0.510004769,0.180258492,0.249858981,0.897122159,0.953309526,0.315668541,0.397498404,0.199793124,0.562850243,0.510559243,0.894983557,0.318707844,0.439784619,0.399283548,0.234853842,0.395584311,0.845619773,0.416473324,0.700296103,0.667557942,0.113765588,0.320078189,0.267032634,0.141365827,0.649902088,0.626109946,0.219366149,0.124275514,0.691932561,0.67416064,0.3950738,0.162136061,0.090616732,0.315382976,0.25133204,0.21911412,0.511597105,0.549773759,0.165272457,0.434698426,0.212339978,0.020022456,0.004988311,0.189027766,0.165051545,-0.108568975,0.153707996,-0.151070784,0.141239276,-0.037079038
8,0.629845788,0.864184532,0.543573506,0.499832088,0.177878998,0.968505798,0.893723613,0.757359035,0.222746775,0.959829009,0.78888747,0.822945873,0.939719337,0.959034951,0.700129945,1,0.341130462,0.492321733,0.432774654,0.897719784,0.236250546,0.928731787,0.400937647,0.619665156,0.348725001,0.936588702,0.891188107,0.340101617,0.228875383,0.891234142,0.370502903,0.34145068,0.481573908,0.222812759,0.91043684,0.34217331,0.423739783,0.168633744,0.309778598,0.204959867,0.206632511,0.502906214,0.732921435,0.390750217,0.347553329,0.167096349,0.70171842,0.553643865,0.476272085,0.365976709,0.43834223,0.462452902,0.209805613,0.306174682,0.529306045,0.43061271,0.907727261,0.856944868,0.153341707,0.725430934,0.615614168,0.137199823,0.563303429,0.378569619,0.147125536,0.083609487,0.695166411,0.758065274,0.250189452,0.16937126,0.177852783,0.308120161,0.151317697,0.189830459,0.436265394,0.481229443,0.149706767,0.285519934,0.206912687,0.168677976,0.148487291,0.033339414,0.099663067,-0.035174162,0.233817547,0.092269511,0.24621749,0.013901321
72,0.347591905,0.304451439,0.890771916,0.371145595,0.563515626,0.266086065,0.26535259,0.524808371,0.290757693,0.353362723,0.418564415,0.384416863,0.240498761,0.375682124,0.32285374,0.341130462,1,0.921662169,0.921813857,0.289978361,0.338029888,0.341375746,0.852086356,0.737106198,0.939529385,0.248948069,0.267038039,0.94522522,0.33543327,0.305035719,0.040873292,0.020289047,0.807015996,0.37789545,0.241786996,0.899879556,0.81294634,0.37946491,0.37484325,0.486811668,0.307527652,0.239394602,0.216221414,0.949255369,0.224215549,0.257512816,0.629777363,0.245411164,0.26089479,0.54838364,0.419168187,0.938789514,0.508109801,0.23723184,0.348620897,0.726413166,0.312458414,0.194761689,0.200984889,0.240071821,0.410677736,0.404518277,0.295303614,0.652310268,0.227181734,0.232376719,0.209022832,0.441905755,0.450497966,0.275177526,0.350916531,0.177480994,0.537105748,0.513025235,0.372299815,0.273825801,0.615052791,0.238590479,0.200444767,0.101492371,0.141616895,-0.188876826,0.15344906,-0.213745993,0.109021417,0.119541766,0.126670654,-0.083956761
32,0.3955818,0.417966021,0.933680291,0.430559519,0.374005057,0.427921491,0.372100176,0.685093673,0.248646902,0.495634494,0.614524952,0.589463704,0.355105992,0.562047434,0.422123961,0.492321733,0.921662169,1,0.948786771,0.387049132,0.262521388,0.473267924,0.913817874,0.845604717,0.925651223,0.368473129,0.341983743,0.931079425,0.22619017,0.501575095,0.069746794,0.037872043,0.885656887,0.266498076,0.341637949,0.906902838,0.825775475,0.339074071,0.207698762,0.356357483,0.18621485,0.363887229,0.310789493,0.951839317,0.220926631,0.224273663,0.769412263,0.254872724,0.332089146,0.616500749,0.545299251,0.956742859,0.533911898,0.286864895,0.474251251,0.800024351,0.420724356,0.268257008,0.206054399,0.373964175,0.487336882,0.278174352,0.310608424,0.531522031,0.195028131,0.192482989,0.267312885,0.500883327,0.258670992,0.222838072,0.290905303,0.227005679,0.377592186,0.349816519,0.37458219,0.326647134,0.435287997,0.213051524,0.241096742,0.071927866,0.175355113,-0.151763322,0.113904136,-0.138048602,0.118868929,0.112003513,0.151961932,-0.013389329
0,0.333061667,0.38487152,0.919300683,0.435576889,0.396099896,0.356753371,0.340402044,0.582774766,0.285973298,0.447904794,0.613894864,0.543191329,0.322191069,0.493354336,0.387633461,0.432774654,0.921813857,0.948786771,1,0.374824261,0.303621518,0.417708945,0.844516577,0.74603593,0.938013678,0.347238152,0.272794468,0.931234356,0.262066492,0.384562432,0.035089819,0.01082842,0.817556966,0.306207248,0.32290996,0.93588131,0.819152159,0.324402965,0.203146675,0.38874249,0.195397671,0.289370406,0.287523624,0.918636195,0.190029181,0.222519927,0.717038989,0.215023331,0.315327942,0.702431726,0.639914562,0.938531735,0.639632506,0.224803198,0.417243722,0.811747417,0.355086281,0.255855229,0.187473843,0.302212447,0.406554111,0.299898339,0.358270043,0.484481152,0.226602758,0.178714108,0.253425363,0.440239436,0.222984456,0.273804286,0.315080935,0.154249023,0.371278066,0.347520954,0.340312226,0.377018737,0.44108375,0.183969169,0.284793489,0.095190415,0.165301322,-0.133934194,0.194262585,-0.138621812,0.07992979,0.117541958,0.169476329,-0.073828189
63,0.644784162,0.715294529,0.448761229,0.522087557,0.240537907,0.8865535,0.935537842,0.585929966,0.184767065,0.881587459,0.657018824,0.647170138,0.915836383,0.82874441,0.695271694,0.897719784,0.289978361,0.387049132,0.374824261,1,0.237347455,0.88941716,0.315821939,0.539419441,0.328223548,0.946854789,0.860515845,0.271417808,0.202819697,0.736657282,0.314713034,0.294881221,0.340074253,0.201731319,0.964298034,0.306159799,0.439464562,0.163327199,0.305068848,0.180518892,0.163715737,0.442553648,0.744082008,0.308998052,0.31981183,0.24220384,0.481654158,0.493200751,0.494319611,0.360081905,0.386980386,0.38257589,0.244784116,0.324192446,0.403855114,0.453806549,0.899817706,0.960783678,0.212014114,0.632174899,0.494755741,0.105251695,0.630621588,0.355290392,0.156656076,0.125312779,0.793574673,0.695606025,0.246094128,0.153379293,0.123212354,0.289887878,0.214586552,0.251752786,0.478042841,0.569710597,0.187726392,0.282988247,0.17783938,0.214101973,0.094873731,0.092170543,0.149037752,-0.029196974,0.331267328,0.065991128,0.317086758,-0.03686127
44,0.349843521,0.326641839,0.356347846,0.340413428,0.818945461,0.159439308,0.219283992,0.167578992,0.904760516,0.212935307,0.233383046,0.165360316,0.203459999,0.189656607,0.260531254,0.236250546,0.338029888,0.262521388,0.303621518,0.237347455,1,0.205008651,0.203960709,0.095053015,0.373473319,0.248075929,0.172093974,0.329796066,0.94435174,0.193024895,0.307722315,0.337438289,0.205457484,0.923848644,0.226442753,0.30718897,0.244401495,0.714295772,0.564800565,0.914383225,0.864210401,0.17126603,0.211087478,0.283125262,0.374479554,0.843555645,0.17588197,0.57496588,0.270023356,0.350207744,0.330458138,0.2683273,0.468531754,0.208785872,0.301031676,0.257346234,0.212635377,0.227106518,0.597670729,0.116549847,0.098009694,0.867922317,0.376127088,0.37085774,0.89985692,0.666054012,0.215249759,0.350948439,0.667012245,0.949096714,0.821042599,0.150511695,0.764116843,0.795432188,0.305137841,0.379830825,0.773272515,0.385201868,0.126464455,0.044755077,0.231107804,0.013300391,0.342603839,-0.083518575,0.046815124,-0.132452943,0.152906209,0.149089593
70,0.539720311,0.782877235,0.483717994,0.588322566,0.212103635,0.91959882,0.877671408,0.763759034,0.148573243,0.915261496,0.734202214,0.762501848,0.892044232,0.882031295,0.832011583,0.928731787,0.341375746,0.473267924,0.417708945,0.88941716,0.205008651,1,0.457283105,0.637145377,0.366098198,0.949450675,0.959161919,0.324072849,0.206994701,0.837075518,0.282445079,0.263362078,0.411625594,0.178514436,0.883681712,0.327521582,0.444164465,0.06357983,0.331414516,0.15075119,0.127357008,0.659462059,0.870937753,0.360012255,0.252334315,0.177032115,0.634509112,0.451011473,0.651039661,0.376474882,0.445757064,0.475843849,0.194921054,0.182654905,0.609556753,0.478396472,0.896436773,0.825412971,0.087721178,0.60198679,0.504084487,0.102023736,0.599645837,0.413591224,0.154288745,0.082383611,0.646334247,0.714964847,0.269786857,0.119116492,0.093285277,0.172019007,0.200981985,0.221921351,0.346185162,0.55452936,0.163150816,0.245037228,0.217463535,0.146381626,0.104152873,0.09491197,0.068902315,-0.06660501,0.269528756,0.000580544,0.226709272,-0.060720713
27,0.395211081,0.306974673,0.840773762,0.480662514,0.401720361,0.348207864,0.332401046,0.725853746,0.128909299,0.438383208,0.547337387,0.553985676,0.269038566,0.496327778,0.457156974,0.400937647,0.852086356,0.913817874,0.844516577,0.315821939,0.203960709,0.457283105,1,0.90175799,0.846671811,0.306631962,0.361475268,0.808939811,0.144931874,0.465227722,0.128694871,0.099252013,0.861654791,0.130299667,0.274941141,0.789101067,0.778436886,0.194168719,0.173754669,0.246439619,0.065618403,0.461179208,0.333846306,0.835877225,0.196148201,0.212862714,0.754281207,0.1383079,0.459453238,0.571580733,0.4575979,0.924762615,0.417489685,0.243401878,0.511861174,0.79217114,0.318076495,0.16992485,0.159773688,0.221282823,0.373591618,0.179531109,0.344481775,0.524471722,0.182277599,0.246356281,0.230735189,0.474373549,0.239093204,0.124667545,0.169974859,0.187634958,0.417678033,0.355759251,0.382750087,0.358900422,0.417822436,0.203225208,0.272428064,0.095033909,0.037677791,-0.082525753,0.117646755,-0.140221196,0.103673178,0.079220617,0.197265187,-0.090479883
21,0.622808061,0.542669099,0.832647766,0.503336648,0.256241116,0.621249335,0.626944021,0.880221972,0.060758764,0.673103757,0.6938394,0.751279711,0.479161201,0.703693709,0.635960097,0.619665156,0.737106198,0.845604717,0.74603593,0.539419441,0.095053015,0.637145377,0.90175799,1,0.718120139,0.501056492,0.563497423,0.707187235,0.064569841,0.723710936,0.222886076,0.194165476,0.861374392,0.041420424,0.497661222,0.681687606,0.744243255,0.194689778,0.275440284,0.113588041,0.057522132,0.626419139,0.535573083,0.762122069,0.32354441,0.129588848,0.848327622,0.305352659,0.598057791,0.521155717,0.472292231,0.820075024,0.367127981,0.41702641,0.659525051,0.734710908,0.516022457,0.420680078,0.215702184,0.454552591,0.537051825,0.105273414,0.485761994,0.610227545,0.073761802,0.207921346,0.531218238,0.679584293,0.242942727,0.031950259,0.138208471,0.376352107,0.242102734,0.195215652,0.599868532,0.380635687,0.234549398,0.304097353,0.264907894,0.090968219,-0.002780801,-0.015968212,0.069449165,-0.092982413,0.149496187,0.15216019,0.150997123,-0.096251374
12,0.321590489,0.246965591,0.896841403,0.409640504,0.552603414,0.260612797,0.28325605,0.530290247,0.367466502,0.355632402,0.475598603,0.412470608,0.244979618,0.390695724,0.340296898,0.348725001,0.939529385,0.925651223,0.938013678,0.328223548,0.373473319,0.366098198,0.846671811,0.718120139,1,0.270719044,0.239720641,0.959710209,0.344477398,0.290738555,0.003143383,-0.014933943,0.760242852,0.392533647,0.255741661,0.954391778,0.851925773,0.441040669,0.293107356,0.480916649,0.291970351,0.292033764,0.244859096,0.95572186,0.141637538,0.37907963,0.630552742,0.181686459,0.284926806,0.672584544,0.54867515,0.953276253,0.681642488,0.185300605,0.391167054,0.766352232,0.322597656,0.226972015,0.289208961,0.230709641,0.349349933,0.419529162,0.296174519,0.571527055,0.317321376,0.296785163,0.223089285,0.40093599,0.376534395,0.343819382,0.398368694,0.133699365,0.529485569,0.507714435,0.334938428,0.295227505,0.597316599,0.165888394,0.146739139,0.043027368,0.17121955,-0.159014123,0.134798356,-0.108633403,0.121927281,0.067444304,0.131142885,-0.064747946
41,0.534271351,0.782849295,0.384788172,0.497607211,0.207958009,0.905837262,0.89753506,0.625116395,0.171648374,0.895954745,0.664565608,0.678337947,0.951435002,0.869952813,0.762211213,0.936588702,0.248948069,0.368473129,0.347238152,0.946854789,0.248075929,0.949450675,0.306631962,0.501056492,0.270719044,1,0.930137925,0.219562688,0.230501193,0.770313636,0.317154003,0.299265341,0.328357569,0.219147219,0.958322653,0.241376314,0.333761836,0.062965035,0.281463672,0.192796475,0.159981097,0.51917927,0.829562784,0.261154567,0.265045775,0.183342383,0.501207311,0.488304592,0.523947066,0.28998816,0.357645842,0.359265844,0.129010584,0.218611278,0.476660295,0.383643661,0.949313504,0.920747334,0.064663498,0.609707498,0.486659331,0.082467383,0.555029329,0.320806006,0.162384586,0.037740442,0.691593753,0.674177662,0.234883366,0.146620264,0.060035798,0.187483607,0.210607968,0.242407514,0.331406287,0.53944793,0.171482104,0.236605821,0.220445576,0.195364805,0.13447663,0.070565942,0.134373275,-0.085117672,0.255486054,-0.014547545,0.302239627,0.011097153
54,0.532203283,0.744385786,0.354273154,0.518621409,0.230904524,0.88274287,0.863480666,0.697261496,0.093623747,0.872493634,0.607740219,0.671107331,0.90582419,0.8303446,0.791996516,0.891188107,0.267038039,0.341983743,0.272794468,0.860515845,0.172093974,0.959161919,0.361475268,0.563497423,0.239720641,0.930137925,1,0.193270682,0.192327921,0.77424735,0.316681114,0.304111794,0.316531022,0.158494471,0.870893155,0.200749101,0.341008687,0.015042928,0.411091235,0.14073737,0.139583152,0.617021978,0.852731883,0.243264625,0.285651392,0.116922472,0.531143929,0.456253521,0.61532954,0.24376081,0.262651243,0.36185658,0.033639405,0.187751007,0.523850772,0.346092592,0.907936636,0.827416851,0.005137724,0.548492369,0.456925517,0.078512505,0.546919654,0.428963838,0.093490057,0.025048442,0.630299077,0.669465539,0.349124228,0.058367766,0.033882604,0.213471998,0.239442721,0.267593022,0.321838347,0.491976816,0.194708387,0.272542446,0.180687986,0.144782622,0.094975961,0.063307925,0.067971421,-0.132056589,0.27260989,-0.025213089,0.235698224,-0.08379634
53,0.269675463,0.316129093,0.924184923,0.371821878,0.475238206,0.272213976,0.25506644,0.503267626,0.34995323,0.341571422,0.452241438,0.406712741,0.220404148,0.370402801,0.295794238,0.340101617,0.94522522,0.931079425,0.931234356,0.271417808,0.329796066,0.324072849,0.808939811,0.707187235,0.959710209,0.219562688,0.193270682,1,0.346190343,0.327010251,-0.020449617,-0.039536367,0.775439845,0.393385184,0.205966161,0.936489241,0.85912138,0.440052614,0.314159271,0.474526088,0.335126906,0.229140117,0.171053169,0.973711884,0.228114841,0.285172359,0.639305224,0.294502331,0.229392998,0.621355113,0.532562256,0.924569077,0.654125885,0.264005179,0.363121446,0.738824028,0.278914062,0.188880396,0.237375115,0.314375487,0.448261205,0.400364064,0.2676114,0.594978151,0.258973149,0.230865413,0.169945048,0.400965098,0.377643296,0.321724481,0.394874353,0.209771642,0.422499701,0.419436823,0.332454602,0.264242721,0.536355203,0.261159191,0.115318568,0.048971583,0.197584942,-0.143349072,0.08082726,-0.098311246,0.114741463,0.109512494,0.045791387,-0.026423469
37,0.260231741,0.363739284,0.329140459,0.336405337,0.818462484,0.150185874,0.212782526,0.13133514,0.876152055,0.208510324,0.158171224,0.134872526,0.205684531,0.15015024,0.285477305,0.228875383,0.33543327,0.22619017,0.262066492,0.202819697,0.94435174,0.206994701,0.144931874,0.064569841,0.344477398,0.230501193,0.192327921,0.346190343,1,0.201786524,0.27477102,0.317036398,0.141152102,0.970386701,0.191675927,0.276383093,0.251078502,0.690713974,0.668284897,0.948847475,0.933138743,0.191582034,0.213606805,0.271203427,0.430715047,0.741761979,0.140077256,0.664791737,0.286605941,0.291552725,0.289389091,0.22941486,0.458105505,0.261467715,0.311463984,0.20944047,0.211718259,0.232100246,0.470467179,0.146045546,0.126649734,0.874195636,0.358098952,0.450574481,0.848566146,0.55935413,0.173028133,0.323834599,0.741836114,0.930412537,0.778635421,0.22410456,0.764111122,0.797628305,0.278300266,0.350895983,0.790226906,0.478783898,0.091245691,0.033387966,0.276307613,-0.008181366,0.235088221,-0.083681055,0.092097414,-0.142708972,0.076553298,0.152840237
74,0.705591184,0.879162864,0.562611768,0.510724432,0.108031837,0.925627404,0.848561957,0.85655739,0.188779398,0.906934572,0.80238769,0.890625082,0.74640088,0.901637469,0.758242916,0.891234142,0.305035719,0.501575095,0.384562432,0.736657282,0.193024895,0.837075518,0.465227722,0.723710936,0.290738555,0.770313636,0.77424735,0.327010251,0.201786524,1,0.322087767,0.297465334,0.57012364,0.150427033,0.745524774,0.285512207,0.407393275,0.185173851,0.350203729,0.126705204,0.211438483,0.665696544,0.724151613,0.379992099,0.445618299,0.142539852,0.778107952,0.605687476,0.629230777,0.329118792,0.467817037,0.414312344,0.184829536,0.440408492,0.719730063,0.441982881,0.726582844,0.682233414,0.251195336,0.716841389,0.641089992,0.135356712,0.609787564,0.459126864,0.149409944,0.18228146,0.69670568,0.807933192,0.249201787,0.149125829,0.196515302,0.414894155,0.054936457,0.061265556,0.585321978,0.460465,0.035073362,0.391422803,0.247323198,0.093802339,0.076851761,0.0967423,0.064229975,0.030640246,0.165617561,0.131163914,0.117004022,0.03582902
19,0.28623844,0.337752804,0.145157294,0.042931774,0.173371947,0.334550488,0.326095541,0.263011639,0.336691343,0.30926683,0.287842767,0.324007462,0.361418139,0.312750999,0.194866273,0.370502903,0.040873292,0.069746794,0.035089819,0.314713034,0.307722315,0.282445079,0.128694871,0.222886076,0.003143383,0.317154003,0.316681114,-0.020449617,0.27477102,0.322087767,1,0.990053904,0.103631118,0.285236041,0.328776902,-0.026063125,-0.023397211,0.33262107,0.040078084,0.272936192,0.280387674,0.195849347,0.190812782,0.039288602,0.0721558,0.277389998,0.277022919,0.233217978,0.115667998,0.025698068,0.091935403,0.076589856,0.094459572,0.190494241,0.229666955,-0.01005626,0.349727843,0.251934232,0.290619298,0.243105115,0.211468687,0.339459118,0.160999357,0.028394013,0.348655976,0.354874937,0.362111193,0.354775304,0.024222357,0.347033783,0.343926563,0.20651567,0.207879226,0.2013552,0.275517054,0.047147907,0.140651681,0.052002748,0.036723374,0.090634396,-0.106612094,0.136513988,-0.049246033,-0.045787178,0.13298458,-0.009996691,0.235295965,0.135744111
87,0.284242837,0.314232075,0.105667927,0.055659897,0.195961708,0.2998064,0.320004907,0.247080765,0.336495484,0.301248741,0.278019615,0.315942503,0.348947802,0.288853525,0.227361078,0.34145068,0.020289047,0.037872043,0.01082842,0.294881221,0.337438289,0.263362078,0.099252013,0.194165476,-0.014933943,0.299265341,0.304111794,-0.039536367,0.317036398,0.297465334,0.990053904,1,0.081993645,0.318214022,0.310946673,-0.051090986,-0.050451071,0.315407107,0.104035671,0.297210755,0.332707268,0.231331463,0.209970102,0.007408591,0.122472944,0.284166367,0.248642768,0.268343958,0.163644188,0.011114015,0.07703853,0.04857739,0.110629876,0.247217035,0.264940478,-0.045087404,0.327101916,0.249115311,0.272812281,0.17053758,0.123553779,0.352568684,0.172144621,0.076818503,0.365733794,0.326838988,0.372223436,0.336761338,0.07122178,0.373154584,0.35456381,0.256411658,0.233369209,0.221647096,0.298695837,0.054729651,0.156426047,0.1127515,0.01896053,0.075695395,-0.112563412,0.150490563,-0.036593082,-0.051239212,0.121622926,-0.06298927,0.218958646,0.139394649
84,0.563251393,0.459421977,0.839182008,0.303481265,0.302257312,0.436097586,0.4155969,0.76083596,0.108002637,0.508778241,0.614206719,0.618562906,0.316694927,0.62548457,0.439225243,0.481573908,0.807015996,0.885656887,0.817556966,0.340074253,0.205457484,0.411625594,0.861654791,0.861374392,0.760242852,0.328357569,0.316531022,0.775439845,0.141152102,0.57012364,0.103631118,0.081993645,1,0.141219259,0.341877659,0.69277007,0.614259514,0.198191244,0.201519126,0.218979418,0.158797346,0.398476794,0.330547787,0.829805219,0.284566777,0.156797816,0.806627493,0.308324382,0.336179434,0.385407032,0.371714,0.857567696,0.312963369,0.364538274,0.570842335,0.61100756,0.349348086,0.268003971,0.233027281,0.334012385,0.480225403,0.162188811,0.291495788,0.617229516,0.116520934,0.18036032,0.421818064,0.65790868,0.256900904,0.11459976,0.207648146,0.250442941,0.260981493,0.199170383,0.58571517,0.189817606,0.27989778,0.227160812,0.321359074,0.189187119,-0.004233666,-0.159413639,0.19748077,-0.167359966,-0.037238815,0.175628051,0.14445909,0.020427276
13,0.197002658,0.356252024,0.362270246,0.218140004,0.810662863,0.134672756,0.179590598,0.098647575,0.905647648,0.177812109,0.136442805,0.112117816,0.198355717,0.137401162,0.197873783,0.222812759,0.37789545,0.266498076,0.306207248,0.201731319,0.923848644,0.178514436,0.130299667,0.041420424,0.392533647,0.219147219,0.158494471,0.393385184,0.970386701,0.150427033,0.285236041,0.318214022,0.141219259,1,0.187483219,0.352347053,0.264064467,0.75836571,0.604181322,0.962472684,0.908248017,0.107653992,0.156466429,0.334029214,0.317553518,0.724802438,0.117751691,0.581508945,0.171952671,0.300444927,0.279856153,0.258324284,0.483067943,0.183677059,0.245065051,0.210560706,0.240486123,0.22360833,0.472906331,0.197652708,0.164513431,0.91075547,0.260684176,0.393744298,0.821356898,0.527211987,0.1435096,0.288079502,0.688411833,0.932222179,0.812908608,0.163222063,0.763306027,0.802932348,0.22032238,0.260915219,0.805823074,0.35223475,0.096209223,0.031085896,0.330698684,-0.094546002,0.198412777,-0.067438179,0.077216967,-0.114117952,0.067419223,0.170622022
29,0.617549407,0.719199816,0.377143362,0.386306422,0.192960777,0.879019097,0.92449029,0.577925393,0.141838327,0.866751119,0.611343328,0.643096303,0.932113507,0.858997917,0.685286444,0.91043684,0.241786996,0.341637949,0.32290996,0.964298034,0.226442753,0.883681712,0.274941141,0.497661222,0.255741661,0.958322653,0.870893155,0.205966161,0.191675927,0.745524774,0.328776902,0.310946673,0.341877659,0.187483219,1,0.213098449,0.293999204,0.066783896,0.282996218,0.169776542,0.166441625,0.451143293,0.759358663,0.252283184,0.251967613,0.141100085,0.503969501,0.467477248,0.451983474,0.217008626,0.250483455,0.334153073,0.088038572,0.304417385,0.422901605,0.313741333,0.912558321,0.958626031,0.105646557,0.561246793,0.433902693,0.072853275,0.504273726,0.338659378,0.071951938,0.008145256,0.747548688,0.654979757,0.211105,0.102540377,0.064726273,0.243389579,0.173105401,0.198069298,0.400341033,0.442463571,0.138737866,0.217516529,0.185890202,0.242164193,0.111762285,0.060983792,0.103076514,-0.075285289,0.253171941,0.070221847,0.289908718,0.059467242
68,0.262890267,0.28434007,0.901303312,0.41564605,0.458946501,0.27265837,0.255638337,0.500742801,0.372431246,0.361693045,0.516869636,0.461617509,0.2390618,0.367892907,0.271359465,0.34217331,0.899879556,0.906902838,0.93588131,0.306159799,0.30718897,0.327521582,0.789101067,0.681687606,0.954391778,0.241376314,0.200749101,0.936489241,0.276383093,0.285512207,-0.026063125,-0.051090986,0.69277007,0.352347053,0.213098449,1,0.893701467,0.46930177,0.265634114,0.435375559,0.229882698,0.22309741,0.176622099,0.927222592,0.182371318,0.29311167,0.616113808,0.156786418,0.259073014,0.785856345,0.645543959,0.895163803,0.739111644,0.202341776,0.314110642,0.821731183,0.301337495,0.179774854,0.248281915,0.312900691,0.387989071,0.386226911,0.32584168,0.456156473,0.265208821,0.24251021,0.1645776,0.315170879,0.295031201,0.316396029,0.396601219,0.210789959,0.443483033,0.444992404,0.283429535,0.354307467,0.53909684,0.182102056,0.148766977,-0.031045095,0.23202233,-0.166782172,0.132536681,-0.043733798,0.119614093,0.102879852,0.102396446,-0.11183717
55,0.353076978,0.368224572,0.872704724,0.665713385,0.449573619,0.405375181,0.395055894,0.529534699,0.292485661,0.483655224,0.535275512,0.483519354,0.339110085,0.400873492,0.371425689,0.423739783,0.81294634,0.825775475,0.819152159,0.439464562,0.244401495,0.444164465,0.778436886,0.744243255,0.851925773,0.333761836,0.341008687,0.85912138,0.251078502,0.407393275,-0.023397211,-0.050451071,0.614259514,0.264064467,0.293999204,0.893701467,1,0.412084307,0.345489729,0.354170323,0.199754254,0.257554141,0.235571405,0.822634645,0.411961325,0.312663414,0.575286121,0.330497108,0.400939226,0.815437348,0.676495035,0.823082098,0.724395,0.342506405,0.284040692,0.917193794,0.345070038,0.302502655,0.258054557,0.448671915,0.50676716,0.275286847,0.566344967,0.501303579,0.266120666,0.304811841,0.265358825,0.407159015,0.371443162,0.254730027,0.308699027,0.373066323,0.411725689,0.440358157,0.402121088,0.598952155,0.506489924,0.428549118,0.118482275,0.011041323,0.173165925,-0.018328116,0.112500967,0.007107199,0.298932959,0.105462026,0.131592766,-0.225153212
20,0.354379612,0.284562935,0.504232641,0.163174045,0.604933247,0.161054719,0.170553677,0.181079033,0.89094505,0.120053791,0.202268993,0.165064281,0.062923175,0.104277809,0.028910151,0.168633744,0.37946491,0.339074071,0.324402965,0.163327199,0.714295772,0.06357983,0.194168719,0.194689778,0.441040669,0.062965035,0.015042928,0.440052614,0.690713974,0.185173851,0.33262107,0.315407107,0.198191244,0.75836571,0.066783896,0.46930177,0.412084307,1,0.433656875,0.734755571,0.699167106,0.064769201,-0.009281069,0.445266685,0.234592366,0.76306438,0.205150747,0.416020128,0.060195361,0.450305908,0.407201441,0.280242809,0.619502032,0.174950094,0.184106939,0.325059514,0.153425155,0.110543777,0.791934448,0.399587426,0.384404813,0.872836535,0.256495979,0.263400206,0.746462928,0.763267415,0.220023218,0.325109538,0.492332722,0.820053881,0.895817564,0.235181721,0.540565637,0.601292857,0.360232303,0.155626322,0.61897824,0.214865839,0.014246081,-0.129988621,0.225388868,-0.069152786,0.153319318,0.065763708,0.072135728,0.076145964,0.02689665,0.102891808
10,0.519657413,0.388983561,0.311234083,0.434289904,0.640212959,0.305903741,0.429146421,0.331697423,0.469186343,0.394971991,0.230268363,0.291551974,0.315275732,0.251988319,0.510004769,0.309778598,0.37484325,0.207698762,0.203146675,0.305068848,0.564800565,0.331414516,0.173754669,0.275440284,0.293107356,0.281463672,0.411091235,0.314159271,0.668284897,0.350203729,0.040078084,0.104035671,0.201519126,0.604181322,0.282996218,0.265634114,0.345489729,0.433656875,1,0.615662358,0.750746563,0.448795073,0.431284928,0.2780878,0.647330776,0.382468676,0.26551149,0.676304258,0.5623068,0.258300562,0.186749844,0.222554452,0.309307238,0.497920601,0.451462139,0.184532256,0.303509237,0.360397724,0.292192858,0.118609702,0.102430366,0.597285936,0.525875542,0.799376631,0.396311771,0.287334278,0.39178566,0.407711205,0.909228503,0.485705185,0.516838807,0.526957332,0.570888356,0.605823422,0.503654662,0.362214984,0.606724502,0.683692141,-0.036158099,-0.121751513,0.125266476,0.042400412,0.211455528,-0.12268849,0.094265244,-0.0672132,-0.07026093,-0.072068154
9,0.218744133,0.288291109,0.421161065,0.266263437,0.851033842,0.094114507,0.146102475,0.090839317,0.869105696,0.156109272,0.109851917,0.090301548,0.195858477,0.120634984,0.180258492,0.204959867,0.486811668,0.356357483,0.38874249,0.180518892,0.914383225,0.15075119,0.246439619,0.113588041,0.480916649,0.192796475,0.14073737,0.474526088,0.948847475,0.126705204,0.272936192,0.297210755,0.218979418,0.962472684,0.169776542,0.435375559,0.354170323,0.734755571,0.615662358,1,0.896632929,0.081910017,0.105522568,0.423673254,0.374395492,0.701069184,0.156466886,0.568050824,0.151400147,0.332706617,0.259122276,0.34930565,0.475045577,0.261938454,0.192368234,0.280154307,0.233373601,0.194050997,0.418039727,0.137774365,0.168073097,0.879378932,0.256751448,0.437365141,0.78608408,0.522615518,0.090523407,0.23967114,0.726045113,0.885684372,0.75182508,0.238094502,0.840748025,0.873469538,0.212192752,0.29396532,0.893033792,0.415773757,0.081625177,0.000217684,0.322914772,-0.103937205,0.207727751,-0.145442689,0.101139574,-0.095046129,0.100374092,0.170502856
5,0.342725754,0.332385261,0.300856255,0.227160726,0.720570634,0.141713736,0.225707672,0.102379792,0.813993311,0.189818692,0.122803099,0.123235898,0.197255666,0.138871679,0.249858981,0.206632511,0.307527652,0.18621485,0.195397671,0.163715737,0.864210401,0.127357008,0.065618403,0.057522132,0.291970351,0.159981097,0.139583152,0.335126906,0.933138743,0.211438483,0.280387674,0.332707268,0.158797346,0.908248017,0.166441625,0.229882698,0.199754254,0.699167106,0.750746563,0.896632929,1,0.17339339,0.158664082,0.278588137,0.523696721,0.659146269,0.153605698,0.739084361,0.216692701,0.178549892,0.180810904,0.169849277,0.40684528,0.427425789,0.300819525,0.060923711,0.195154751,0.240444828,0.473447366,0.127527275,0.120327273,0.837989705,0.285760441,0.55868963,0.724758665,0.489328286,0.231331086,0.319492473,0.799115793,0.849190246,0.769307746,0.394250772,0.6555005,0.702880165,0.362711388,0.204481969,0.714987402,0.563695053,-0.064400495,-0.040676194,0.250340363,0.028538239,0.206525563,-0.064473071,0.052509425,-0.107789721,-0.043858191,0.222885418
49,0.510326274,0.473643379,0.323582812,0.436223271,0.158680756,0.536304841,0.624587118,0.755365695,0.092857213,0.585426835,0.568749093,0.671626916,0.419126661,0.559693309,0.897122159,0.502906214,0.239394602,0.363887229,0.289370406,0.442553648,0.17126603,0.659462059,0.461179208,0.626419139,0.292033764,0.51917927,0.617021978,0.229140117,0.191582034,0.665696544,0.195849347,0.231331463,0.398476794,0.107653992,0.451143293,0.22309741,0.257554141,0.064769201,0.448795073,0.081910017,0.17339339,1,0.857917388,0.274084549,0.217370941,0.162128865,0.572816261,0.292611539,0.892455469,0.266803178,0.367761536,0.334413735,0.209781754,0.303043663,0.929717211,0.293736265,0.497172475,0.406090196,0.158534509,0.159322072,0.123042477,0.162337243,0.452147622,0.559741125,0.177499067,0.158177876,0.543861293,0.535214271,0.2939033,0.114394124,0.119324502,0.262302481,0.181095181,0.115335009,0.436982377,0.302430226,0.06975932,0.266823344,0.158780979,-0.137836977,-0.059919329,0.146879381,0.031055901,-0.06595372,0.024210895,-0.154519442,0.009373763,-0.01228833
40,0.542002425,0.662225695,0.294343709,0.477351395,0.196835362,0.755618521,0.825052847,0.702253306,0.090410574,0.770102992,0.619441908,0.665435232,0.710294025,0.723863254,0.953309526,0.732921435,0.216221414,0.310789493,0.287523624,0.744082008,0.211087478,0.870937753,0.333846306,0.535573083,0.244859096,0.829562784,0.852731883,0.171053169,0.213606805,0.724151613,0.190812782,0.209970102,0.330547787,0.156466429,0.759358663,0.176622099,0.235571405,-0.009281069,0.431284928,0.105522568,0.158664082,0.857917388,1,0.219264011,0.201281179,0.167013165,0.495055052,0.38534358,0.812220142,0.226045337,0.348760064,0.308668022,0.115535703,0.194975659,0.789162802,0.293218832,0.775136947,0.724043882,0.098042487,0.350712948,0.266020703,0.115918744,0.555280327,0.509622492,0.15787353,0.077611604,0.7030504,0.659804525,0.312689181,0.10362648,0.055061713,0.129338054,0.18852303,0.164889685,0.403618839,0.438728772,0.093011157,0.222739781,0.225957668,0.060818124,-0.000179173,0.128855287,0.134257843,-0.109923362,0.114930981,-0.130521575,0.153141769,-0.051964297
6,0.346487726,0.337714105,0.926328491,0.308995245,0.450477458,0.326666422,0.296098854,0.574066048,0.312207655,0.37794278,0.476295287,0.446635038,0.255091889,0.432730436,0.315668541,0.390750217,0.949255369,0.951839317,0.918636195,0.308998052,0.283125262,0.360012255,0.835877225,0.762122069,0.95572186,0.261154567,0.243264625,0.973711884,0.271203427,0.379992099,0.039288602,0.007408591,0.829805219,0.334029214,0.252283184,0.927222592,0.822634645,0.445266685,0.2780878,0.423673254,0.278588137,0.274084549,0.219264011,1,0.158481606,0.278129148,0.681244324,0.234054769,0.211248428,0.562243603,0.481420333,0.939802972,0.573122693,0.231370981,0.401029499,0.705096845,0.35447508,0.218537551,0.274977212,0.357067073,0.506074002,0.384180651,0.230435999,0.603458691,0.218196364,0.253963279,0.2444086,0.468291137,0.357343694,0.260872532,0.370116536,0.180429377,0.415440287,0.400665786,0.373859527,0.18697503,0.509756216,0.166168724,0.131405587,0.043142629,0.1407353,-0.177114093,0.076643618,-0.11316259,0.090333805,0.135133208,0.062138712,-0.012120086
80,0.524278567,0.437514442,0.309329862,0.642527252,0.317733803,0.357222994,0.407100572,0.298116683,0.248662392,0.467799127,0.375831786,0.385971128,0.371147427,0.328733231,0.397498404,0.347553329,0.224215549,0.220926631,0.190029181,0.31981183,0.374479554,0.252334315,0.196148201,0.32354441,0.141637538,0.265045775,0.285651392,0.228114841,0.430715047,0.445618299,0.0721558,0.122472944,0.284566777,0.317553518,0.251967613,0.182371318,0.411961325,0.234592366,0.647330776,0.374395492,0.523696721,0.217370941,0.201281179,0.158481606,1,0.246505899,0.264324649,0.837921074,0.457746591,0.340820566,0.305820129,0.151499043,0.3007266,0.819012226,0.245222317,0.36189939,0.213269552,0.349391131,0.162259542,0.267429653,0.229545119,0.178334212,0.648557437,0.520306622,0.3079319,0.184180956,0.369486904,0.379421532,0.592889266,0.328782449,0.24528889,0.839469278,0.298438668,0.351738126,0.584863844,0.640440148,0.343211597,0.969366008,0.011268079,-0.048408918,0.095483669,0.169909681,0.293590057,-0.055640667,0.188100566,-0.058343607,0.05913387,-0.055349906
1,0.39305874,0.190748934,0.342358177,0.402081136,0.740308401,0.136208708,0.191358078,0.175048055,0.81724561,0.156560791,0.214028639,0.086454728,0.100099534,0.116358615,0.199793124,0.167096349,0.257512816,0.224273663,0.222519927,0.24220384,0.843555645,0.177032115,0.212862714,0.129588848,0.37907963,0.183342383,0.116922472,0.285172359,0.741761979,0.142539852,0.277389998,0.284166367,0.156797816,0.724802438,0.141100085,0.29311167,0.312663414,0.76306438,0.382468676,0.701069184,0.659146269,0.162128865,0.167013165,0.278129148,0.246505899,1,0.087654311,0.412039994,0.224473437,0.391546606,0.383462529,0.260210016,0.543747012,0.066015207,0.249288911,0.312753462,0.157636057,0.188446247,0.812058862,0.195809483,0.187147832,0.757634072,0.410539569,0.284093574,0.931158645,0.878958476,0.297492632,0.411415138,0.565826698,0.853623255,0.774128118,0.034981365,0.680435256,0.715845402,0.379645153,0.367188918,0.666796846,0.24726941,0.011723062,0.017790105,0.076442203,0.07158688,0.283733274,0.016763231,0.116362756,-0.149852409,0.146851195,0.02212749
30,0.610745294,0.622135356,0.798393984,0.430835734,0.157320502,0.670337744,0.588962458,0.88834672,0.190727865,0.7214472,0.841576696,0.881632916,0.521594839,0.799349849,0.562850243,0.70171842,0.629777363,0.769412263,0.717038989,0.481654158,0.17588197,0.634509112,0.754281207,0.848327622,0.630552742,0.501207311,0.531143929,0.639305224,0.140077256,0.778107952,0.277022919,0.248642768,0.806627493,0.117751691,0.503969501,0.616113808,0.575286121,0.205150747,0.26551149,0.156466886,0.153605698,0.572816261,0.495055052,0.681244324,0.264324649,0.087654311,1,0.319948234,0.496668145,0.539522735,0.572571122,0.75259599,0.397067592,0.313854153,0.68934519,0.56552419,0.482788178,0.377147952,0.225907279,0.436955652,0.464027142,0.195730731,0.437455243,0.500573147,0.084965699,0.151857076,0.462865863,0.655928313,0.174589111,0.136269245,0.292722642,0.295631028,0.099008883,0.073588429,0.486199978,0.281669027,0.12291655,0.207300835,0.245119667,0.050311225,0.048448545,0.016427908,0.108666502,-0.01734294,0.044858138,0.205744624,0.087788419,-0.022891924
77,0.54034334,0.679868581,0.378583653,0.516295366,0.415351322,0.553438147,0.578438729,0.358933033,0.48944175,0.572543291,0.40652029,0.419978792,0.545258871,0.492039608,0.510559243,0.553643865,0.245411164,0.254872724,0.215023331,0.493200751,0.57496588,0.451011473,0.1383079,0.305352659,0.181686459,0.488304592,0.456253521,0.294502331,0.664791737,0.605687476,0.233217978,0.268343958,0.308324382,0.581508945,0.467477248,0.156786418,0.330497108,0.416020128,0.676304258,0.568050824,0.739084361,0.292611539,0.38534358,0.234054769,0.837921074,0.412039994,0.319948234,1,0.413448288,0.214271791,0.294360854,0.179508976,0.287548144,0.678290465,0.385313621,0.252781732,0.455610153,0.563354192,0.30326639,0.497788057,0.449270605,0.413651016,0.573342338,0.571416968,0.483142967,0.293422663,0.498604103,0.592693283,0.659113405,0.541517783,0.434541477,0.639956233,0.342231798,0.412067682,0.566003545,0.514729633,0.401954143,0.837379477,0.037892518,0.072768496,0.186066779,0.130312078,0.223824232,-0.070938085,0.199403073,-0.047508855,0.058261867,0.128883401
3,0.529319589,0.504991346,0.347733368,0.682328786,0.292552682,0.529241763,0.640155626,0.68657971,0.137190226,0.629676445,0.602293659,0.660639142,0.420020774,0.500646695,0.894983557,0.476272085,0.26089479,0.332089146,0.315327942,0.494319611,0.270023356,0.651039661,0.459453238,0.598057791,0.284926806,0.523947066,0.61532954,0.229392998,0.286605941,0.629230777,0.115667998,0.163644188,0.336179434,0.171952671,0.451983474,0.259073014,0.400939226,0.060195361,0.5623068,0.151400147,0.216692701,0.892455469,0.812220142,0.211248428,0.457746591,0.224473437,0.496668145,0.413448288,1,0.452004763,0.501852223,0.31916359,0.329490658,0.409140748,0.821414948,0.48364203,0.416275038,0.422072487,0.171494654,0.162815396,0.091280902,0.175732859,0.726217661,0.567142315,0.271559739,0.214808397,0.546951192,0.520509779,0.391138589,0.202201584,0.158039603,0.375269484,0.275504885,0.232894985,0.516869141,0.631386605,0.176931632,0.502113899,0.234429964,-0.058979616,-0.02645879,0.220233216,0.176772144,-0.023557718,0.113701945,-0.149245901,0.090616023,-0.176624946
35,0.294497291,0.341909737,0.714145675,0.700862191,0.350033124,0.346481656,0.31779736,0.471119617,0.454325607,0.445495144,0.666092786,0.564815803,0.281324925,0.361506666,0.318707844,0.365976709,0.54838364,0.616500749,0.702431726,0.360081905,0.350207744,0.376474882,0.571580733,0.521155717,0.672584544,0.28998816,0.24376081,0.621355113,0.291552725,0.329118792,0.025698068,0.011114015,0.385407032,0.300444927,0.217008626,0.785856345,0.815437348,0.450305908,0.258300562,0.332706617,0.178549892,0.266803178,0.226045337,0.562243603,0.340820566,0.391546606,0.539522735,0.214271791,0.452004763,1,0.898690077,0.617845221,0.862865396,0.186788459,0.298693909,0.850752485,0.221173823,0.188759575,0.341530036,0.341890462,0.281398254,0.334663065,0.632132147,0.204035561,0.416847117,0.372299461,0.19426312,0.271172677,0.197046321,0.417602903,0.450119468,0.277665951,0.316491962,0.356550139,0.274138065,0.68064291,0.380308293,0.314046365,0.17332456,-0.086573848,0.196036813,0.06251351,0.245943622,0.1174552,0.18505575,0.056633498,0.156364103,-0.263105993
26,0.315833737,0.500777245,0.656627609,0.696825938,0.207390377,0.458363939,0.383199092,0.511986652,0.44044056,0.522925404,0.779968032,0.65699445,0.302303401,0.429143162,0.439784619,0.43834223,0.419168187,0.545299251,0.639914562,0.386980386,0.330458138,0.445757064,0.4575979,0.472292231,0.54867515,0.357645842,0.262651243,0.532562256,0.289389091,0.467817037,0.091935403,0.07703853,0.371714,0.279856153,0.250483455,0.645543959,0.676495035,0.407201441,0.186749844,0.259122276,0.180810904,0.367761536,0.348760064,0.481420333,0.305820129,0.383462529,0.572571122,0.294360854,0.501852223,0.898690077,1,0.516878288,0.837919002,0.14989256,0.455566032,0.75826239,0.248156363,0.221312764,0.404517732,0.450006098,0.375859489,0.316699866,0.697240584,0.179377704,0.452613586,0.408817094,0.317272602,0.417034547,0.101575229,0.435794235,0.455942943,0.183178224,0.132128569,0.164417027,0.340068049,0.673067757,0.176633915,0.276045321,0.23561744,-0.069388331,0.094472602,0.164902149,0.232119165,0.158454936,0.148764242,0.059042656,0.091742029,-0.211531185
81,0.369551518,0.343474464,0.911376089,0.447235722,0.461213596,0.377486541,0.345144558,0.666642779,0.225627695,0.469336732,0.575584725,0.524829235,0.340234608,0.529023556,0.399283548,0.462452902,0.938789514,0.956742859,0.938531735,0.38257589,0.2683273,0.475843849,0.924762615,0.820075024,0.953276253,0.359265844,0.36185658,0.924569077,0.22941486,0.414312344,0.076589856,0.04857739,0.857567696,0.258324284,0.334153073,0.895163803,0.823082098,0.280242809,0.222554452,0.34930565,0.169849277,0.334413735,0.308668022,0.939802972,0.151499043,0.260210016,0.75259599,0.179508976,0.31916359,0.617845221,0.516878288,1,0.542157651,0.16512508,0.438763978,0.773568718,0.386573076,0.264179508,0.191118674,0.286644958,0.419869327,0.279086205,0.320830639,0.571977298,0.209504387,0.214043949,0.261217343,0.50859097,0.308497387,0.209523157,0.281257445,0.110441532,0.436631975,0.404750058,0.356747659,0.309287517,0.487010647,0.149102813,0.207813927,0.133511827,0.095062234,-0.13184177,0.141193311,-0.131956289,0.128077251,0.088609706,0.183331785,-0.099236843
59,0.233752444,0.223031636,0.655116127,0.536921878,0.422377979,0.178707716,0.222244296,0.297075577,0.586733756,0.283281118,0.519783262,0.395040383,0.128081944,0.189791851,0.234853842,0.209805613,0.508109801,0.533911898,0.639632506,0.244784116,0.468531754,0.194921054,0.417489685,0.367127981,0.681642488,0.129010584,0.033639405,0.654125885,0.458105505,0.184829536,0.094459572,0.110629876,0.312963369,0.483067943,0.088038572,0.739111644,0.724395,0.619502032,0.309307238,0.475045577,0.40684528,0.209781754,0.115535703,0.573122693,0.3007266,0.543747012,0.397067592,0.287548144,0.329490658,0.862865396,0.837919002,0.542157651,1,0.251821714,0.31129881,0.665475407,0.096815234,0.137413873,0.503150003,0.248471468,0.188560588,0.515067274,0.509474927,0.291890053,0.557567597,0.470931682,0.22950954,0.246302337,0.269768035,0.595192408,0.623995721,0.287183909,0.348781306,0.38293022,0.352987324,0.480107102,0.422957661,0.319073355,0.030396207,-0.120857764,0.149846819,0.07393176,0.151768548,0.159570544,0.169692192,-0.01145457,0.038421177,-0.152252639
22,0.542640026,0.300431038,0.30678667,0.374886024,0.153110124,0.299344599,0.44791608,0.281325193,0.096082018,0.413915492,0.322149316,0.403484465,0.335529327,0.324782561,0.395584311,0.306174682,0.23723184,0.286864895,0.224803198,0.324192446,0.208785872,0.182654905,0.243401878,0.41702641,0.185300605,0.218611278,0.187751007,0.264005179,0.261467715,0.440408492,0.190494241,0.247217035,0.364538274,0.183677059,0.304417385,0.202341776,0.342506405,0.174950094,0.497920601,0.261938454,0.427425789,0.303043663,0.194975659,0.231370981,0.819012226,0.066015207,0.313854153,0.678290465,0.409140748,0.186788459,0.14989256,0.16512508,0.251821714,1,0.322700526,0.248982159,0.235907402,0.377338788,0.105539067,0.140045787,0.101100277,0.079147226,0.422958232,0.517870692,0.076417469,0.010566021,0.455011306,0.282442246,0.371093463,0.163087077,0.118657317,0.94085631,0.182568287,0.178451686,0.62631799,0.372329142,0.192941314,0.827648393,-0.043615235,-0.063118842,0.076508012,0.12073075,0.092660726,-0.061621193,0.172448307,0.009490179,0.039180281,0.136231861
75,0.56873313,0.581722848,0.472844651,0.384594572,0.239508129,0.551642039,0.606157498,0.818039826,0.223303332,0.612646828,0.668435953,0.74531518,0.368299673,0.615940637,0.845619773,0.529306045,0.348620897,0.474251251,0.417243722,0.403855114,0.301031676,0.609556753,0.511861174,0.659525051,0.391167054,0.476660295,0.523850772,0.363121446,0.311463984,0.719730063,0.229666955,0.264940478,0.570842335,0.245065051,0.422901605,0.314110642,0.284040692,0.184106939,0.451462139,0.192368234,0.300819525,0.929717211,0.789162802,0.401029499,0.245222317,0.249288911,0.68934519,0.385313621,0.821414948,0.298693909,0.455566032,0.438763978,0.31129881,0.322700526,1,0.324617301,0.435331161,0.366520403,0.301903106,0.242598969,0.221715413,0.299927375,0.467768537,0.629806604,0.287161348,0.252356929,0.595744056,0.671802997,0.325338604,0.262546151,0.298735663,0.235101604,0.191140109,0.118760539,0.573264054,0.254548424,0.103972853,0.263353297,0.248361817,-0.033247762,-0.063474418,0.082239343,0.098331526,-0.022001489,-0.067984035,-0.083753948,0.00141436,0.027041043
83,0.34725894,0.419684076,0.818128998,0.727269698,0.39340509,0.426269322,0.388241392,0.571521565,0.265108145,0.50871599,0.619649803,0.547147106,0.324451327,0.438542693,0.416473324,0.43061271,0.726413166,0.800024351,0.811747417,0.453806549,0.257346234,0.478396472,0.79217114,0.734710908,0.766352232,0.383643661,0.346092592,0.738824028,0.20944047,0.441982881,-0.01005626,-0.045087404,0.61100756,0.210560706,0.313741333,0.821731183,0.917193794,0.325059514,0.184532256,0.280154307,0.060923711,0.293736265,0.293218832,0.705096845,0.36189939,0.312753462,0.56552419,0.252781732,0.48364203,0.850752485,0.75826239,0.773568718,0.665475407,0.248982159,0.324617301,1,0.322123712,0.269782575,0.253823844,0.444795148,0.475429597,0.203728019,0.639242163,0.325226072,0.318181155,0.332093208,0.260840805,0.424888255,0.203895698,0.262239157,0.252526234,0.252143043,0.378186328,0.381058406,0.375566226,0.729209068,0.41463054,0.34617642,0.322544223,0.074717285,0.150587795,-0.000148517,0.211326279,0.005095245,0.255159888,0.088044825,0.243106382,-0.244090528
14,0.502940729,0.725329536,0.401165095,0.364877106,0.206059621,0.864611434,0.852209537,0.601965859,0.182348835,0.83096985,0.578006644,0.622304438,0.941790391,0.836538826,0.700296103,0.907727261,0.312458414,0.420724356,0.355086281,0.899817706,0.212635377,0.896436773,0.318076495,0.516022457,0.322597656,0.949313504,0.907936636,0.278914062,0.211718259,0.726582844,0.349727843,0.327101916,0.349348086,0.240486123,0.912558321,0.301337495,0.345070038,0.153425155,0.303509237,0.233373601,0.195154751,0.497172475,0.775136947,0.35447508,0.213269552,0.157636057,0.482788178,0.455610153,0.416275038,0.221173823,0.248156363,0.386573076,0.096815234,0.235907402,0.435331161,0.322123712,1,0.893160511,0.049543958,0.61594089,0.516928532,0.130696618,0.391826955,0.355995585,0.111392154,0.002876031,0.648167469,0.620253767,0.273489174,0.121173627,0.075997946,0.237541248,0.251431472,0.288263042,0.285555118,0.375698184,0.232617816,0.189466611,0.129724326,0.110733683,0.185956408,-0.012229512,0.061260477,-0.134062009,0.263082936,-0.029777626,0.259711203,0.072268572
57,0.611351649,0.67744852,0.324973293,0.401055551,0.215405058,0.830479278,0.921180938,0.485099476,0.150783538,0.822000782,0.527065043,0.544174476,0.914742719,0.788396718,0.667557942,0.856944868,0.194761689,0.268257008,0.255855229,0.960783678,0.227106518,0.825412971,0.16992485,0.420680078,0.226972015,0.920747334,0.827416851,0.188880396,0.232100246,0.682233414,0.251934232,0.249115311,0.268003971,0.22360833,0.958626031,0.179774854,0.302502655,0.110543777,0.360397724,0.194050997,0.240444828,0.406090196,0.724043882,0.218537551,0.349391131,0.188446247,0.377147952,0.563354192,0.422072487,0.188759575,0.221312764,0.264179508,0.137413873,0.377338788,0.366520403,0.269782575,0.893160511,1,0.12718614,0.572497731,0.430898223,0.073316528,0.515350359,0.393704871,0.104025025,0.015780029,0.784880912,0.645446062,0.302723482,0.126892423,0.063693864,0.329870818,0.191560344,0.23218637,0.452711719,0.445212461,0.171152244,0.324076824,0.097427479,0.206231793,0.11160393,0.061520325,0.119036243,-0.061727615,0.297819892,0.018635544,0.260213258,0.052319087
86,0.588978573,0.226063153,0.393187934,0.235860322,0.461648485,0.211949061,0.24788945,0.266511853,0.677111831,0.170988247,0.315797702,0.207500184,-0.01144135,0.147619573,0.113765588,0.153341707,0.200984889,0.206054399,0.187473843,0.212014114,0.597670729,0.087721178,0.159773688,0.215702184,0.289208961,0.064663498,0.005137724,0.237375115,0.470467179,0.251195336,0.290619298,0.272812281,0.233027281,0.472906331,0.105646557,0.248281915,0.258054557,0.791934448,0.292192858,0.418039727,0.473447366,0.158534509,0.098042487,0.274977212,0.162259542,0.812058862,0.225907279,0.30326639,0.171494654,0.341530036,0.404517732,0.191118674,0.503150003,0.105539067,0.301903106,0.253823844,0.049543958,0.12718614,1,0.313755774,0.292800954,0.677863872,0.416804078,0.246962821,0.684661301,0.892186527,0.464005334,0.515044327,0.350238677,0.659605378,0.801545285,0.070243552,0.319943606,0.345098235,0.58828148,0.183565862,0.321281021,0.107611288,0.053680354,0.007574627,-0.059033315,0.09832922,0.251585045,0.128752921,0.031753948,0.120404163,0.080585802,-0.016420249
18,0.398484373,0.824685153,0.534625659,0.30638664,0.080476471,0.782864322,0.631309486,0.519122606,0.298865954,0.661954271,0.531278268,0.559169363,0.59500872,0.642809557,0.320078189,0.725430934,0.240071821,0.373964175,0.302212447,0.632174899,0.116549847,0.60198679,0.221282823,0.454552591,0.230709641,0.609707498,0.548492369,0.314375487,0.146045546,0.716841389,0.243105115,0.17053758,0.334012385,0.197652708,0.561246793,0.312900691,0.448671915,0.399587426,0.118609702,0.137774365,0.127527275,0.159322072,0.350712948,0.357067073,0.267429653,0.195809483,0.436955652,0.497788057,0.162815396,0.341890462,0.450006098,0.286644958,0.248471468,0.140045787,0.242598969,0.444795148,0.61594089,0.572497731,0.313755774,1,0.927968252,0.170968775,0.444263615,0.14558043,0.197403978,0.271825358,0.498177739,0.663092234,0.123670499,0.186788065,0.245400547,0.201522788,-0.012323687,0.066581921,0.385756113,0.355514638,0.063684615,0.184286095,0.20905065,0.150424579,0.156505562,-0.05576932,-0.022265199,0.11412257,0.223126828,0.225112459,0.084050733,-0.049731782
73,0.369187943,0.739470547,0.620747441,0.259054805,0.144142222,0.668212988,0.508678716,0.509184084,0.249615346,0.538282345,0.425504463,0.450513388,0.461838621,0.55067718,0.267032634,0.615614168,0.410677736,0.487336882,0.406554111,0.494755741,0.098009694,0.504084487,0.373591618,0.537051825,0.349349933,0.486659331,0.456925517,0.448261205,0.126649734,0.641089992,0.211468687,0.123553779,0.480225403,0.164513431,0.433902693,0.387989071,0.50676716,0.384404813,0.102430366,0.168073097,0.120327273,0.123042477,0.266020703,0.506074002,0.229545119,0.187147832,0.464027142,0.449270605,0.091280902,0.281398254,0.375859489,0.419869327,0.188560588,0.101100277,0.221715413,0.475429597,0.516928532,0.430898223,0.292800954,0.927968252,1,0.17617648,0.36087172,0.250882825,0.182625086,0.331555743,0.403662947,0.668926979,0.182653653,0.13647966,0.202004405,0.126479875,0.052661338,0.111084415,0.385266363,0.264637602,0.146871225,0.164552214,0.22144144,0.171956966,0.07580725,-0.09376663,-0.026927392,-0.0015379,0.165657043,0.260652929,0.057700622,-0.026375486
2,0.286948857,0.274790267,0.408132988,0.154792905,0.780332743,0.097117452,0.125218381,0.160255627,0.922537924,0.10429811,0.151748144,0.125628602,0.044005061,0.066213108,0.141365827,0.137199823,0.404518277,0.278174352,0.299898339,0.105251695,0.867922317,0.102023736,0.179531109,0.105273414,0.419529162,0.082467383,0.078512505,0.400364064,0.874195636,0.135356712,0.339459118,0.352568684,0.162188811,0.91075547,0.072853275,0.386226911,0.275286847,0.872836535,0.597285936,0.879378932,0.837989705,0.162337243,0.115918744,0.384180651,0.178334212,0.757634072,0.195730731,0.413651016,0.175732859,0.334663065,0.316699866,0.279086205,0.515067274,0.079147226,0.299927375,0.203728019,0.130696618,0.073316528,0.677863872,0.170968775,0.17617648,1,0.256691831,0.400762978,0.800820965,0.702605895,0.162446016,0.311733138,0.651324507,0.901655284,0.931932159,0.083744128,0.697207233,0.727226914,0.285275363,0.140906289,0.739221158,0.199514271,0.069470429,-0.053815533,0.217463652,-0.053900413,0.185998601,-0.011055396,0.016636353,-0.004951849,0.025341001,0.102570926
71,0.652814582,0.611819388,0.465784498,0.860680866,0.396207343,0.623558807,0.658194395,0.530575427,0.297256053,0.716616656,0.688713847,0.618830085,0.489955993,0.503344644,0.649902088,0.563303429,0.295303614,0.310608424,0.358270043,0.630621588,0.376127088,0.599645837,0.344481775,0.485761994,0.296174519,0.555029329,0.546919654,0.2676114,0.358098952,0.609787564,0.160999357,0.172144621,0.291495788,0.260684176,0.504273726,0.32584168,0.566344967,0.256495979,0.525875542,0.256751448,0.285760441,0.452147622,0.555280327,0.230435999,0.648557437,0.410539569,0.437455243,0.573342338,0.726217661,0.632132147,0.697240584,0.320830639,0.509474927,0.422958232,0.467768537,0.639242163,0.391826955,0.515350359,0.416804078,0.444263615,0.36087172,0.256691831,1,0.456928905,0.418282756,0.449869673,0.650821136,0.644450499,0.440019501,0.353969039,0.333558393,0.414787514,0.294118251,0.32302816,0.671180437,0.880954319,0.271183002,0.614381372,0.244376529,0.089073979,-0.041572079,0.257700045,0.349030767,0.065678866,0.257611886,0.067874866,0.204761648,-0.293179927
69,0.601445823,0.395457305,0.558758461,0.390533796,0.578787669,0.361548762,0.49193624,0.556081809,0.211156071,0.470192916,0.345555076,0.392625785,0.310603056,0.401299055,0.626109946,0.378569619,0.652310268,0.531522031,0.484481152,0.355290392,0.37085774,0.413591224,0.524471722,0.610227545,0.571527055,0.320806006,0.428963838,0.594978151,0.450574481,0.459126864,0.028394013,0.076818503,0.617229516,0.393744298,0.338659378,0.456156473,0.501303579,0.263400206,0.799376631,0.437365141,0.55868963,0.559741125,0.509622492,0.603458691,0.520306622,0.284093574,0.500573147,0.571416968,0.567142315,0.204035561,0.179377704,0.571977298,0.291890053,0.517870692,0.629806604,0.325226072,0.355995585,0.393704871,0.246962821,0.14558043,0.250882825,0.400762978,0.456928905,1,0.227880059,0.223590732,0.536774802,0.621256664,0.798072936,0.255838258,0.322628596,0.431402253,0.493636188,0.464616141,0.677608692,0.235302136,0.510890222,0.560356492,0.025227761,0.034492976,-0.031670375,-0.005325344,0.170950425,-0.156443025,0.054947154,-0.010662024,-0.045693826,-0.041114745
52,0.255608047,0.280803145,0.312456681,0.412377473,0.740132271,0.105669591,0.129054872,0.158078833,0.878616502,0.140082872,0.224333579,0.123848557,0.081787279,0.089551371,0.219366149,0.147125536,0.227181734,0.195028131,0.226602758,0.156656076,0.89985692,0.154288745,0.182277599,0.073761802,0.317321376,0.162384586,0.093490057,0.258973149,0.848566146,0.149409944,0.348655976,0.365733794,0.116520934,0.821356898,0.071951938,0.265208821,0.266120666,0.746462928,0.396311771,0.78608408,0.724758665,0.177499067,0.15787353,0.218196364,0.3079319,0.931158645,0.084965699,0.483142967,0.271559739,0.416847117,0.452613586,0.209504387,0.557567597,0.076417469,0.287161348,0.318181155,0.111392154,0.104025025,0.684661301,0.197403978,0.182625086,0.800820965,0.418282756,0.227880059,1,0.826312681,0.184710404,0.356912173,0.54268167,0.939622127,0.786596266,0.062524478,0.693833339,0.72386091,0.29979351,0.424336603,0.679281669,0.316672175,0.10948788,0.006808837,0.11915277,0.077339794,0.283030954,0.011842243,0.071324433,-0.190874882,0.144607156,0.050966092
39,0.441143306,0.194569391,0.367020901,0.342522556,0.605576146,0.124524207,0.139775849,0.218911008,0.717377911,0.090711947,0.205104478,0.107787274,-0.06397465,0.040330448,0.124275514,0.083609487,0.232376719,0.192482989,0.178714108,0.125312779,0.666054012,0.082383611,0.246356281,0.207921346,0.296785163,0.037740442,0.025048442,0.230865413,0.55935413,0.18228146,0.354874937,0.326838988,0.18036032,0.527211987,0.008145256,0.24251021,0.304811841,0.763267415,0.287334278,0.522615518,0.489328286,0.158177876,0.077611604,0.253963279,0.184180956,0.878958476,0.151857076,0.293422663,0.214808397,0.372299461,0.408817094,0.214043949,0.470931682,0.010566021,0.252356929,0.332093208,0.002876031,0.015780029,0.892186527,0.271825358,0.331555743,0.702605895,0.449869673,0.223590732,0.826312681,1,0.296902352,0.449824078,0.431722083,0.712529197,0.73813083,0.001190738,0.506480124,0.526006305,0.464405811,0.304804516,0.493236318,0.16249666,0.06785351,-0.000299659,-0.078678755,0.129395497,0.236373424,0.059857957,0.057342376,0.031087214,0.110789117,-0.050915924
7,0.842011985,0.63493177,0.38066429,0.374417408,0.22007842,0.737973321,0.873722812,0.607113197,0.136830658,0.761730077,0.627755806,0.623769711,0.636957605,0.69661226,0.691932561,0.695166411,0.209022832,0.267312885,0.253425363,0.793574673,0.215249759,0.646334247,0.230735189,0.531218238,0.223089285,0.691593753,0.630299077,0.169945048,0.173028133,0.69670568,0.362111193,0.372223436,0.421818064,0.1435096,0.747548688,0.1645776,0.265358825,0.220023218,0.39178566,0.090523407,0.231331086,0.543861293,0.7030504,0.2444086,0.369486904,0.297492632,0.462865863,0.498604103,0.546951192,0.19426312,0.317272602,0.261217343,0.22950954,0.455011306,0.595744056,0.260840805,0.648167469,0.784880912,0.464005334,0.498177739,0.403662947,0.162446016,0.650821136,0.536774802,0.184710404,0.296902352,1,0.83214538,0.30467155,0.160034573,0.221842317,0.363606139,0.129477766,0.11412968,0.837133445,0.361925419,0.056812182,0.305356072,0.180136623,0.194862943,-0.142036681,0.103510328,0.222685046,-0.010957949,0.155432234,0.108754476,0.215306717,-0.042343543
31,0.794486015,0.795562091,0.615544709,0.466047389,0.367296082,0.789324097,0.774225274,0.791510682,0.283184813,0.784079294,0.705647366,0.689084703,0.600545851,0.778864675,0.67416064,0.758065274,0.441905755,0.500883327,0.440239436,0.695606025,0.350948439,0.714964847,0.474373549,0.679584293,0.40093599,0.674177662,0.669465539,0.400965098,0.323834599,0.807933192,0.354775304,0.336761338,0.65790868,0.288079502,0.654979757,0.315170879,0.407159015,0.325109538,0.407711205,0.23967114,0.319492473,0.535214271,0.659804525,0.468291137,0.379421532,0.411415138,0.655928313,0.592693283,0.520509779,0.271172677,0.417034547,0.50859097,0.246302337,0.282442246,0.671802997,0.424888255,0.620253767,0.645446062,0.515044327,0.663092234,0.668926979,0.311733138,0.644450499,0.621256664,0.356912173,0.449824078,0.83214538,1,0.429757316,0.299211778,0.371738301,0.201832645,0.241496336,0.233781101,0.790437898,0.385472405,0.210761624,0.303464788,0.3038788,0.270495261,-0.114697093,0.035955006,0.239074288,-0.05909083,0.112269058,0.134707825,0.190239227,-0.071316191
66,0.458775667,0.309772923,0.338266297,0.416052797,0.80332203,0.212092825,0.304305933,0.257972447,0.538272845,0.29473551,0.109802139,0.126661362,0.247313947,0.185453449,0.3950738,0.250189452,0.450497966,0.258670992,0.222984456,0.246094128,0.667012245,0.269786857,0.239093204,0.242942727,0.376534395,0.234883366,0.349124228,0.377643296,0.741836114,0.249201787,0.024222357,0.07122178,0.256900904,0.688411833,0.211105,0.295031201,0.371443162,0.492332722,0.909228503,0.726045113,0.799115793,0.2939033,0.312689181,0.357343694,0.592889266,0.565826698,0.174589111,0.659113405,0.391138589,0.197046321,0.101575229,0.308497387,0.269768035,0.371093463,0.325338604,0.203895698,0.273489174,0.302723482,0.350238677,0.123670499,0.182653653,0.651324507,0.440019501,0.798072936,0.54268167,0.431722083,0.30467155,0.429757316,1,0.566278604,0.536438243,0.377563416,0.746695433,0.782957929,0.456139598,0.32898936,0.785771321,0.623580044,-0.053613572,-0.035928759,0.130496098,-0.022641359,0.241001373,-0.151596903,0.111359674,-0.109879348,-0.034620643,-0.033844069
15,0.25480576,0.310187107,0.353904958,0.316637839,0.736237134,0.109530608,0.137522604,0.114789034,0.959106257,0.147746001,0.233853349,0.153563388,0.110119626,0.107387149,0.162136061,0.16937126,0.275177526,0.222838072,0.273804286,0.153379293,0.949096714,0.119116492,0.124667545,0.031950259,0.343819382,0.146620264,0.058367766,0.321724481,0.930412537,0.149125829,0.347033783,0.373154584,0.11459976,0.932222179,0.102540377,0.316396029,0.254730027,0.820053881,0.485705185,0.885684372,0.849190246,0.114394124,0.10362648,0.260872532,0.328782449,0.853623255,0.136269245,0.541517783,0.202201584,0.417602903,0.435794235,0.209523157,0.595192408,0.163087077,0.262546151,0.262239157,0.121173627,0.126892423,0.659605378,0.186788065,0.13647966,0.901655284,0.353969039,0.255838258,0.939622127,0.712529197,0.160034573,0.299211778,0.566278604,1,0.89242743,0.148873305,0.675015753,0.717930968,0.273349544,0.343968746,0.700809535,0.339610895,0.099613242,-0.006849795,0.246737377,0.025001371,0.274217537,0.01691213,0.057815812,-0.121116352,0.099057563,0.126718435
46,0.380073117,0.3091824,0.463256361,0.223778541,0.63654413,0.164327904,0.152688762,0.231617543,0.910844342,0.168823479,0.318956501,0.243445124,0.053471409,0.14218823,0.090616732,0.177852783,0.350916531,0.290905303,0.315080935,0.123212354,0.821042599,0.093285277,0.169974859,0.138208471,0.398368694,0.060035798,0.033882604,0.394874353,0.778635421,0.196515302,0.343926563,0.35456381,0.207648146,0.812908608,0.064726273,0.396601219,0.308699027,0.895817564,0.516838807,0.75182508,0.769307746,0.119324502,0.055061713,0.370116536,0.24528889,0.774128118,0.292722642,0.434541477,0.158039603,0.450119468,0.455942943,0.281257445,0.623995721,0.118657317,0.298735663,0.252526234,0.075997946,0.063693864,0.801545285,0.245400547,0.202004405,0.931932159,0.333558393,0.322628596,0.786596266,0.73813083,0.221842317,0.371738301,0.536438243,0.89242743,1,0.14234547,0.512751498,0.565253224,0.373737169,0.185910269,0.574936462,0.221298876,0.058600937,-0.049394796,0.173996923,0.01597369,0.233487704,0.071192495,0.008817421,0.044574457,0.009448475,0.046046487
23,0.484030466,0.294288565,0.273964648,0.394929436,0.117293392,0.303182468,0.406907922,0.28101496,0.124811913,0.408047156,0.315696055,0.418270557,0.353418699,0.304746596,0.315382976,0.308120161,0.177480994,0.227005679,0.154249023,0.289887878,0.150511695,0.172019007,0.187634958,0.376352107,0.133699365,0.187483607,0.213471998,0.209771642,0.22410456,0.414894155,0.20651567,0.256411658,0.250442941,0.163222063,0.243389579,0.210789959,0.373066323,0.235181721,0.526957332,0.238094502,0.394250772,0.262302481,0.129338054,0.180429377,0.839469278,0.034981365,0.295631028,0.639956233,0.375269484,0.277665951,0.183178224,0.110441532,0.287183909,0.94085631,0.235101604,0.252143043,0.237541248,0.329870818,0.070243552,0.201522788,0.126479875,0.083744128,0.414787514,0.431402253,0.062524478,0.001190738,0.363606139,0.201832645,0.377563416,0.148873305,0.14234547,1,0.172191386,0.198851139,0.536490351,0.380350807,0.204484244,0.826099438,-0.105045676,-0.174110384,0.120830881,0.101271772,0.064623933,-0.011018566,0.181412402,0.004869758,0.008490793,0.060393435
50,0.259094278,0.118961293,0.368202318,0.35475722,0.94259995,0.028701303,0.141445906,0.16894781,0.629393362,0.151509935,0.041186577,0.037760449,0.170994152,0.096513696,0.25133204,0.151317697,0.537105748,0.377592186,0.371278066,0.214586552,0.764116843,0.200981985,0.417678033,0.242102734,0.529485569,0.210607968,0.239442721,0.422499701,0.764111122,0.054936457,0.207879226,0.233369209,0.260981493,0.763306027,0.173105401,0.443483033,0.411725689,0.540565637,0.570888356,0.840748025,0.6555005,0.181095181,0.18852303,0.415440287,0.298438668,0.680435256,0.099008883,0.342231798,0.275504885,0.316491962,0.132128569,0.436631975,0.348781306,0.182568287,0.191140109,0.378186328,0.251431472,0.191560344,0.319943606,-0.012323687,0.052661338,0.697207233,0.294118251,0.493636188,0.693833339,0.506480124,0.129477766,0.241496336,0.746695433,0.675015753,0.512751498,0.172191386,1,0.98143225,0.250563255,0.35513533,0.965918435,0.336847545,0.115195261,0.044241777,0.195797252,-0.161060796,0.227460325,-0.19633488,0.146735019,-0.171040948,0.223553536,0.014760347
85,0.249347306,0.161443124,0.370716797,0.390283389,0.939046558,0.074819162,0.16081637,0.133056529,0.692216598,0.174480958,0.047760852,0.027227634,0.225143883,0.104770161,0.21911412,0.189830459,0.513025235,0.349816519,0.347520954,0.251752786,0.795432188,0.221921351,0.355759251,0.195215652,0.507714435,0.242407514,0.267593022,0.419436823,0.797628305,0.061265556,0.2013552,0.221647096,0.199170383,0.802932348,0.198069298,0.444992404,0.440358157,0.601292857,0.605823422,0.873469538,0.702880165,0.115335009,0.164889685,0.400665786,0.351738126,0.715845402,0.073588429,0.412067682,0.232894985,0.356550139,0.164417027,0.404750058,0.38293022,0.178451686,0.118760539,0.381058406,0.288263042,0.23218637,0.345098235,0.066581921,0.111084415,0.727226914,0.32302816,0.464616141,0.72386091,0.526006305,0.11412968,0.233781101,0.782957929,0.717930968,0.565253224,0.198851139,0.98143225,1,0.214527006,0.400817606,0.982322631,0.38536109,0.058441998,0.020113362,0.244023058,-0.131987182,0.238592589,-0.172829021,0.184821906,-0.169707484,0.207965779,0.006953245
47,0.853757298,0.504894994,0.51281681,0.411105449,0.372696016,0.486949268,0.62053661,0.58705991,0.2102014,0.569368129,0.540180862,0.544595597,0.307073558,0.48832601,0.511597105,0.436265394,0.372299815,0.37458219,0.340312226,0.478042841,0.305137841,0.346185162,0.382750087,0.599868532,0.334938428,0.331406287,0.321838347,0.332454602,0.278300266,0.585321978,0.275517054,0.298695837,0.58571517,0.22032238,0.400341033,0.283429535,0.402121088,0.360232303,0.503654662,0.212192752,0.362711388,0.436982377,0.403618839,0.373859527,0.584863844,0.379645153,0.486199978,0.566003545,0.516869141,0.274138065,0.340068049,0.356747659,0.352987324,0.62631799,0.573264054,0.375566226,0.285555118,0.452711719,0.58828148,0.385756113,0.385266363,0.285275363,0.671180437,0.677608692,0.29979351,0.464405811,0.837133445,0.790437898,0.456139598,0.273349544,0.373737169,0.536490351,0.250563255,0.214527006,1,0.359770312,0.207885104,0.514187938,0.202070671,0.15755757,-0.191125929,0.057935148,0.263342265,-0.001278237,0.061555723,0.166654545,0.119669783,-0.092762597
38,0.384616495,0.489013762,0.391971706,0.913818595,0.366937444,0.500582214,0.498442683,0.366677827,0.27311195,0.600842248,0.573064922,0.481658035,0.487834973,0.405432728,0.549773759,0.481229443,0.273825801,0.326647134,0.377018737,0.569710597,0.379830825,0.55452936,0.358900422,0.380635687,0.295227505,0.53944793,0.491976816,0.264242721,0.350895983,0.460465,0.047147907,0.054729651,0.189817606,0.260915219,0.442463571,0.354307467,0.598952155,0.155626322,0.362214984,0.29396532,0.204481969,0.302430226,0.438728772,0.18697503,0.640440148,0.367188918,0.281669027,0.514729633,0.631386605,0.68064291,0.673067757,0.309287517,0.480107102,0.372329142,0.254548424,0.729209068,0.375698184,0.445212461,0.183565862,0.355514638,0.264637602,0.140906289,0.880954319,0.235302136,0.424336603,0.304804516,0.361925419,0.385472405,0.32898936,0.343968746,0.185910269,0.380350807,0.35513533,0.400817606,0.359770312,1,0.343667541,0.632920888,0.235709338,0.067297342,0.113266438,0.242069315,0.33745968,0.017363684,0.321403895,-0.062782335,0.273638387,-0.252809321
4,0.214292557,0.142156704,0.457561983,0.344690181,0.940826965,0.02877855,0.10788872,0.1282652,0.688630222,0.129861012,0.030764752,0.013910631,0.166114908,0.076864934,0.165272457,0.149706767,0.615052791,0.435287997,0.44108375,0.187726392,0.773272515,0.163150816,0.417822436,0.234549398,0.597316599,0.171482104,0.194708387,0.536355203,0.790226906,0.035073362,0.140651681,0.156426047,0.27989778,0.805823074,0.138737866,0.53909684,0.506489924,0.61897824,0.606724502,0.893033792,0.714987402,0.06975932,0.093011157,0.509756216,0.343211597,0.666796846,0.12291655,0.401954143,0.176931632,0.380308293,0.176633915,0.487010647,0.422957661,0.192941314,0.103972853,0.41463054,0.232617816,0.171152244,0.321281021,0.063684615,0.146871225,0.739221158,0.271183002,0.510890222,0.679281669,0.493236318,0.056812182,0.210761624,0.785771321,0.700809535,0.574936462,0.204484244,0.965918435,0.982322631,0.207885104,0.343667541,1,0.382870389,0.055311063,0.019751186,0.264023113,-0.174121222,0.224361433,-0.176416554,0.154099088,-0.118233374,0.164257237,0.020473766
64,0.429852548,0.370901433,0.284571696,0.64895969,0.347790133,0.293344647,0.375086844,0.234774851,0.248029487,0.404636894,0.287735814,0.308450851,0.329032471,0.242195705,0.434698426,0.285519934,0.238590479,0.213051524,0.183969169,0.282988247,0.385201868,0.245037228,0.203225208,0.304097353,0.165888394,0.236605821,0.272542446,0.261159191,0.478783898,0.391422803,0.052002748,0.1127515,0.227160812,0.35223475,0.217516529,0.182102056,0.428549118,0.214865839,0.683692141,0.415773757,0.563695053,0.266823344,0.222739781,0.166168724,0.969366008,0.24726941,0.207300835,0.837379477,0.502113899,0.314046365,0.276045321,0.149102813,0.319073355,0.827648393,0.263353297,0.34617642,0.189466611,0.324076824,0.107611288,0.184286095,0.164552214,0.199514271,0.614381372,0.560356492,0.316672175,0.16249666,0.305356072,0.303464788,0.623580044,0.339610895,0.221298876,0.826099438,0.336847545,0.38536109,0.514187938,0.632920888,0.382870389,1,-0.05324505,-0.066930313,0.116677279,0.199782711,0.211841587,-0.081946382,0.226050117,-0.106816776,0.021379487,-0.021748347
51,0.164835866,0.347264684,0.233992184,0.130326782,0.123883514,0.216207544,0.20929684,0.306297071,0.067146063,0.243184997,0.291468968,0.301558041,0.128607107,0.279690104,0.212339978,0.206912687,0.200444767,0.241096742,0.284793489,0.17783938,0.126464455,0.217463535,0.272428064,0.264907894,0.146739139,0.220445576,0.180687986,0.115318568,0.091245691,0.247323198,0.036723374,0.01896053,0.321359074,0.096209223,0.185890202,0.148766977,0.118482275,0.014246081,-0.036158099,0.081625177,-0.064400495,0.158780979,0.225957668,0.131405587,0.011268079,0.011723062,0.245119667,0.037892518,0.234429964,0.17332456,0.23561744,0.207813927,0.030396207,-0.043615235,0.248361817,0.322544223,0.129724326,0.097427479,0.053680354,0.20905065,0.22144144,0.069470429,0.244376529,0.025227761,0.10948788,0.06785351,0.180136623,0.3038788,-0.053613572,0.099613242,0.058600937,-0.105045676,0.115195261,0.058441998,0.202070671,0.235709338,0.055311063,-0.05324505,1,0.267088786,-0.061027373,-0.121957995,0.169456723,0.001917454,-0.082131211,0.21737857,0.030693623,-0.043241401
48,0.103908724,0.171426797,0.100823762,0.006503441,0.123039799,0.153270464,0.166165559,0.081128102,-0.054021327,0.150820244,0.069771139,0.024509492,0.15115039,0.183144548,0.020022456,0.168677976,0.101492371,0.071927866,0.095190415,0.214101973,0.044755077,0.146381626,0.095033909,0.090968219,0.043027368,0.195364805,0.144782622,0.048971583,0.033387966,0.093802339,0.090634396,0.075695395,0.189187119,0.031085896,0.242164193,-0.031045095,0.011041323,-0.129988621,-0.121751513,0.000217684,-0.040676194,-0.137836977,0.060818124,0.043142629,-0.048408918,0.017790105,0.050311225,0.072768496,-0.058979616,-0.086573848,-0.069388331,0.133511827,-0.120857764,-0.063118842,-0.033247762,0.074717285,0.110733683,0.206231793,0.007574627,0.150424579,0.171956966,-0.053815533,0.089073979,0.034492976,0.006808837,-0.000299659,0.194862943,0.270495261,-0.035928759,-0.006849795,-0.049394796,-0.174110384,0.044241777,0.020113362,0.15755757,0.067297342,0.019751186,-0.066930313,0.267088786,1,-0.023876475,0.104060972,-0.023454602,-0.126760463,0.132070444,0.13757222,0.303334881,-0.006601385
34,-0.083709905,0.146529249,0.16782581,0.054626026,0.160442519,0.089967165,0.063000004,-0.023132689,0.306152532,0.086719579,0.042868917,0.068339595,0.16568505,0.100781017,0.004988311,0.148487291,0.141616895,0.175355113,0.165301322,0.094873731,0.231107804,0.104152873,0.037677791,-0.002780801,0.17121955,0.13447663,0.094975961,0.197584942,0.276307613,0.076851761,-0.106612094,-0.112563412,-0.004233666,0.330698684,0.111762285,0.23202233,0.173165925,0.225388868,0.125266476,0.322914772,0.250340363,-0.059919329,-0.000179173,0.1407353,0.095483669,0.076442203,0.048448545,0.186066779,-0.02645879,0.196036813,0.094472602,0.095062234,0.149846819,0.076508012,-0.063474418,0.150587795,0.185956408,0.11160393,-0.059033315,0.156505562,0.07580725,0.217463652,-0.041572079,-0.031670375,0.11915277,-0.078678755,-0.142036681,-0.114697093,0.130496098,0.246737377,0.173996923,0.120830881,0.195797252,0.244023058,-0.191125929,0.113266438,0.264023113,0.116677279,-0.061027373,-0.023876475,1,-0.081877865,-0.022964475,0.0816325,0.118579673,-0.021527479,0.130428452,0.098159342
78,0.114751575,0.00762131,-0.10792216,0.276977266,-0.116767961,0.091848544,0.102271964,0.000551543,-0.017265168,0.078580705,0.128176642,0.062361991,0.058617595,-0.008966615,0.189027766,0.033339414,-0.188876826,-0.151763322,-0.133934194,0.092170543,0.013300391,0.09491197,-0.082525753,-0.015968212,-0.159014123,0.070565942,0.063307925,-0.143349072,-0.008181366,0.0967423,0.136513988,0.150490563,-0.159413639,-0.094546002,0.060983792,-0.166782172,-0.018328116,-0.069152786,0.042400412,-0.103937205,0.028538239,0.146879381,0.128855287,-0.177114093,0.169909681,0.07158688,0.016427908,0.130312078,0.220233216,0.06251351,0.164902149,-0.13184177,0.07393176,0.12073075,0.082239343,-0.000148517,-0.012229512,0.061520325,0.09832922,-0.05576932,-0.09376663,-0.053900413,0.257700045,-0.005325344,0.077339794,0.129395497,0.103510328,0.035955006,-0.022641359,0.025001371,0.01597369,0.101271772,-0.161060796,-0.131987182,0.057935148,0.242069315,-0.174121222,0.199782711,-0.121957995,0.104060972,-0.081877865,1,0.086116539,0.057574418,0.054056208,-0.119113025,-0.087698194,0.013646646
58,0.317108883,0.128887976,0.159678479,0.286852971,0.278790302,0.0844376,0.124490906,0.127747395,0.231148936,0.148265447,0.252859292,0.129322874,0.089240837,0.140549535,0.165051545,0.099663067,0.15344906,0.113904136,0.194262585,0.149037752,0.342603839,0.068902315,0.117646755,0.069449165,0.134798356,0.134373275,0.067971421,0.08082726,0.235088221,0.064229975,-0.049246033,-0.036593082,0.19748077,0.198412777,0.103076514,0.132536681,0.112500967,0.153319318,0.211455528,0.207727751,0.206525563,0.031055901,0.134257843,0.076643618,0.293590057,0.283733274,0.108666502,0.223824232,0.176772144,0.245943622,0.232119165,0.141193311,0.151768548,0.092660726,0.098331526,0.211326279,0.061260477,0.119036243,0.251585045,-0.022265199,-0.026927392,0.185998601,0.349030767,0.170950425,0.283030954,0.236373424,0.222685046,0.239074288,0.241001373,0.274217537,0.233487704,0.064623933,0.227460325,0.238592589,0.263342265,0.33745968,0.224361433,0.211841587,0.169456723,-0.023454602,-0.022964475,0.086116539,1,0.029700027,-0.272148044,-0.03342262,0.287866733,-0.096929609
42,-0.077115212,-0.007542686,-0.043709002,-0.01221914,-0.092578636,0.000123676,-0.035075374,-0.023835816,0.05853379,-0.005180882,0.054218356,0.05514299,-0.120342992,-0.051181853,-0.108568975,-0.035174162,-0.213745993,-0.138048602,-0.138621812,-0.029196974,-0.083518575,-0.06660501,-0.140221196,-0.092982413,-0.108633403,-0.085117672,-0.132056589,-0.098311246,-0.083681055,0.030640246,-0.045787178,-0.051239212,-0.167359966,-0.067438179,-0.075285289,-0.043733798,0.007107199,0.065763708,-0.12268849,-0.145442689,-0.064473071,-0.06595372,-0.109923362,-0.11316259,-0.055640667,0.016763231,-0.01734294,-0.070938085,-0.023557718,0.1174552,0.158454936,-0.131956289,0.159570544,-0.061621193,-0.022001489,0.005095245,-0.134062009,-0.061727615,0.128752921,0.11412257,-0.0015379,-0.011055396,0.065678866,-0.156443025,0.011842243,0.059857957,-0.010957949,-0.05909083,-0.151596903,0.01691213,0.071192495,-0.011018566,-0.19633488,-0.172829021,-0.001278237,0.017363684,-0.176416554,-0.081946382,0.001917454,-0.126760463,0.0816325,0.057574418,0.029700027,1,-0.052460787,0.026565315,-0.054077295,0.103353752
36,0.101348179,0.108743866,0.1423902,0.375409794,0.120648625,0.233981377,0.252301448,0.039436521,0.064878286,0.235869558,0.119615288,0.080188787,0.2972849,0.15000188,0.153707996,0.233817547,0.109021417,0.118868929,0.07992979,0.331267328,0.046815124,0.269528756,0.103673178,0.149496187,0.121927281,0.255486054,0.27260989,0.114741463,0.092097414,0.165617561,0.13298458,0.121622926,-0.037238815,0.077216967,0.253171941,0.119614093,0.298932959,0.072135728,0.094265244,0.101139574,0.052509425,0.024210895,0.114930981,0.090333805,0.188100566,0.116362756,0.044858138,0.199403073,0.113701945,0.18505575,0.148764242,0.128077251,0.169692192,0.172448307,-0.067984035,0.255159888,0.263082936,0.297819892,0.031753948,0.223126828,0.165657043,0.016636353,0.257611886,0.054947154,0.071324433,0.057342376,0.155432234,0.112269058,0.111359674,0.057815812,0.008817421,0.181412402,0.146735019,0.184821906,0.061555723,0.321403895,0.154099088,0.226050117,-0.082131211,0.132070444,0.118579673,0.054056208,-0.272148044,-0.052460787,1,-0.103559634,0.235814081,-0.094685206
61,0.180269759,0.142775682,0.205022637,-0.123575652,-0.096515921,0.138758583,0.09133073,0.076475375,-0.03280959,0.089929101,0.106094715,0.12984008,0.005085533,0.105483903,-0.151070784,0.092269511,0.119541766,0.112003513,0.117541958,0.065991128,-0.132452943,0.000580544,0.079220617,0.15216019,0.067444304,-0.014547545,-0.025213089,0.109512494,-0.142708972,0.131163914,-0.009996691,-0.06298927,0.175628051,-0.114117952,0.070221847,0.102879852,0.105462026,0.076145964,-0.0672132,-0.095046129,-0.107789721,-0.154519442,-0.130521575,0.135133208,-0.058343607,-0.149852409,0.205744624,-0.047508855,-0.149245901,0.056633498,0.059042656,0.088609706,-0.01145457,0.009490179,-0.083753948,0.088044825,-0.029777626,0.018635544,0.120404163,0.225112459,0.260652929,-0.004951849,0.067874866,-0.010662024,-0.190874882,0.031087214,0.108754476,0.134707825,-0.109879348,-0.121116352,0.044574457,0.004869758,-0.171040948,-0.169707484,0.166654545,-0.062782335,-0.118233374,-0.106816776,0.21737857,0.13757222,-0.021527479,-0.119113025,-0.03342262,0.026565315,-0.103559634,1,-0.078533879,0.068879319
62,0.194768249,0.101889802,0.136786912,0.226116844,0.197587558,0.187520626,0.222011212,0.155082233,0.082214382,0.220905853,0.197353252,0.128032288,0.264449602,0.237672057,0.141239276,0.24621749,0.126670654,0.151961932,0.169476329,0.317086758,0.152906209,0.226709272,0.197265187,0.150997123,0.131142885,0.302239627,0.235698224,0.045791387,0.076553298,0.117004022,0.235295965,0.218958646,0.14445909,0.067419223,0.289908718,0.102396446,0.131592766,0.02689665,-0.07026093,0.100374092,-0.043858191,0.009373763,0.153141769,0.062138712,0.05913387,0.146851195,0.087788419,0.058261867,0.090616023,0.156364103,0.091742029,0.183331785,0.038421177,0.039180281,0.00141436,0.243106382,0.259711203,0.260213258,0.080585802,0.084050733,0.057700622,0.025341001,0.204761648,-0.045693826,0.144607156,0.110789117,0.215306717,0.190239227,-0.034620643,0.099057563,0.009448475,0.008490793,0.223553536,0.207965779,0.119669783,0.273638387,0.164257237,0.021379487,0.030693623,0.303334881,0.130428452,-0.087698194,0.287866733,-0.054077295,0.235814081,-0.078533879,1,0.032059546
65,-0.034480953,0.013665513,-0.075136367,-0.315775276,-0.024236469,-0.032310126,-0.009020018,-0.095376132,0.147314399,-0.078015825,-0.124676928,-0.057687698,0.021089627,0.029887349,-0.037079038,0.013901321,-0.083956761,-0.013389329,-0.073828189,-0.03686127,0.149089593,-0.060720713,-0.090479883,-0.096251374,-0.064747946,0.011097153,-0.08379634,-0.026423469,0.152840237,0.03582902,0.135744111,0.139394649,0.020427276,0.170622022,0.059467242,-0.11183717,-0.225153212,0.102891808,-0.072068154,0.170502856,0.222885418,-0.01228833,-0.051964297,-0.012120086,-0.055349906,0.02212749,-0.022891924,0.128883401,-0.176624946,-0.263105993,-0.211531185,-0.099236843,-0.152252639,0.136231861,0.027041043,-0.244090528,0.072268572,0.052319087,-0.016420249,-0.049731782,-0.026375486,0.102570926,-0.293179927,-0.041114745,0.050966092,-0.050915924,-0.042343543,-0.071316191,-0.033844069,0.126718435,0.046046487,0.060393435,0.014760347,0.006953245,-0.092762597,-0.252809321,0.020473766,-0.021748347,-0.043241401,-0.006601385,0.098159342,0.013646646,-0.096929609,0.103353752,-0.094685206,0.068879319,0.032059546,1
